student_id,age,program,semester,gpa,attendance,assignments_completion,stress_level,sleep_hours,mental_wellbeing,productivity_score,distractions,career_clarity,skill_readiness,engagement_score,APS,WWS,PTMS,CRS,SRI,Risk_Category
S001,20,B.Tech,4,6.82,73.8,71.6,5,7.2,3,6,3,6,5.059832110806445,75.8,70.0,54.0,66.2,55.3,61.6,Blue
S002,24,MBA,5,9.68,96.2,100.0,5,6.7,4,8,1,10,8.071778743369892,81.4,97.3,56.1,83.3,90.4,82.5,Green
S003,18,BCA,1,7.98,85.2,80.3,6,6.1,6,6,5,6,8.448132358107866,85.8,81.0,58.9,62.2,72.2,69.5,Blue
S004,24,MBA,5,9.8,93.2,100.0,4,7.7,8,7,5,8,8.633247850713412,87.1,97.4,78.9,67.4,83.2,83.2,Green
S005,22,B.Tech,8,7.47,70.9,65.4,4,6.7,6,3,5,6,6.05587068249954,74.6,72.1,67.1,44.9,60.3,62.5,Blue
S006,25,MBA,7,6.83,74.5,65.7,4,4.5,5,7,5,8,5.665772010175173,75.7,69.0,54.9,65.1,68.3,64.5,Blue
S007,20,B.Tech,4,8.0,70.4,62.7,7,5.8,1,4,5,7,6.07623406498224,57.7,74.6,34.8,46.5,65.4,56.7,Yellow
S008,21,B.Tech,7,4.24,62.9,55.8,8,4.4,2,2,6,5,3.618100350114221,53.1,49.2,30.5,32.6,43.1,39.7,Red
S009,18,B.Tech,1,7.01,78.9,87.6,7,6.3,4,5,3,5,6.471987461288954,80.7,75.4,48.6,62.1,57.4,61.5,Blue
S010,25,MBA,6,5.08,61.0,69.7,7,5.6,3,5,6,4,6.00810860945545,69.7,56.6,42.0,50.9,50.0,50.2,Yellow
S011,20,B.Tech,4,8.26,88.7,87.4,6,4.5,6,8,1,7,6.904270824055976,81.3,84.8,52.9,83.3,69.5,72.7,Blue
S012,19,B.Sc,2,6.64,71.3,66.3,7,7.1,5,7,4,7,7.202978424568802,78.5,67.4,55.6,68.7,71.0,65.6,Blue
S013,20,B.Sc,4,6.69,82.8,78.2,4,6.0,6,9,1,8,5.9020327781242,88.2,72.3,64.5,89.6,69.5,73.1,Blue
S014,19,BCA,3,8.46,87.9,80.8,5,6.0,3,9,1,8,8.064167667653495,96.1,84.5,49.5,91.2,80.3,76.0,Blue
S015,25,MBA,7,4.84,92.9,81.1,7,6.3,6,7,4,8,5.0,88.0,63.8,56.6,70.6,65.0,63.7,Blue
S016,20,BCA,4,9.39,87.1,73.0,4,6.3,7,6,6,2,6.0,86.0,88.4,69.6,59.2,40.0,65.8,Blue
S017,18,BCA,1,0.91,31.4,32.7,9,4.9,1,3,7,2,1.0103537781064973,19.4,18.3,25.4,27.9,15.1,21.2,Red
S018,20,BCA,4,7.56,71.5,74.9,5,5.3,7,8,1,5,7.744296651383896,76.8,74.6,62.9,82.4,63.7,70.5,Blue
S019,22,MBA,1,4.84,73.4,75.2,8,3.9,3,3,7,5,5.137253457698187,72.1,58.8,32.6,38.4,50.7,46.1,Yellow
S020,19,BCA,2,8.78,95.6,100.0,4,7.2,6,8,1,8,8.009516828268122,100.0,91.8,69.0,87.0,80.0,82.2,Green
S021,19,BCA,3,4.69,51.8,46.7,9,6.3,2,4,6,5,3.6383985524970144,45.7,47.8,34.6,41.1,43.2,42.0,Yellow
S022,22,BCA,8,3.34,28.4,18.7,10,6.9,1,3,7,2,2.820532486465986,15.0,29.5,29.9,27.0,24.1,27.8,Red
S023,19,B.Tech,3,4.25,73.8,73.7,9,4.0,1,2,9,5,4.205195764857237,64.3,55.0,22.0,25.9,46.0,38.7,Red
S024,23,MBA,3,6.85,73.1,68.0,6,4.2,4,7,2,6,7.179799105394094,72.6,69.3,43.8,73.5,65.9,62.9,Blue
S025,20,B.Tech,5,7.42,78.0,70.3,4,4.5,7,1,8,6,7.841078798433128,69.1,74.2,62.9,24.8,69.2,60.2,Blue
S026,20,B.Sc,5,8.98,98.3,98.8,3,6.1,6,7,5,10,9.672830354071133,100.0,93.3,67.9,70.0,98.4,83.6,Green
S027,21,BCA,6,6.85,82.2,86.7,4,6.8,8,3,9,8,6.611807144412896,83.9,74.9,75.5,34.8,73.1,66.6,Blue
S028,24,MBA,4,5.44,87.2,99.1,7,6.1,7,7,7,7,8.0,91.8,69.9,59.9,62.4,75.0,67.2,Blue
S029,21,B.Tech,7,9.87,98.7,100.0,5,7.9,6,8,1,8,10.0,86.6,99.0,68.6,84.3,90.0,86.2,Green
S030,25,MBA,6,7.29,72.3,77.1,7,5.0,2,3,7,7,5.477095777299363,76.9,73.6,35.8,39.4,62.4,54.5,Yellow
S031,20,BCA,5,8.79,93.6,100.0,3,7.2,7,9,3,9,8.377010034356683,88.4,91.5,76.0,83.7,86.9,84.9,Green
S032,19,BCA,2,0.73,38.7,45.6,10,3.4,2,4,5,1,1.0,45.1,21.2,20.8,44.0,10.0,22.9,Red
S033,21,BCA,7,9.33,91.7,94.3,4,4.6,5,7,4,8,7.981488197981244,92.0,93.2,55.2,71.4,79.9,76.0,Blue
S034,19,B.Sc,3,9.46,97.8,98.8,2,5.0,10,7,3,10,9.070817004664166,94.1,96.1,82.8,74.8,95.4,88.3,Green
S035,19,B.Tech,3,8.1,77.5,87.3,10,3.6,1,1,7,7,6.0,71.4,81.6,17.5,28.3,65.0,50.8,Yellow
S036,19,B.Tech,2,9.39,97.6,97.4,5,5.4,4,10,1,9,9.750408557627562,86.5,95.3,51.2,94.3,93.8,83.7,Green
S037,20,B.Sc,5,8.6,92.2,96.3,2,5.7,6,7,4,10,9.489045385552894,79.1,89.3,69.4,68.8,97.4,82.2,Green
S038,18,B.Sc,1,5.49,69.1,78.6,6,7.6,5,2,8,3,5.106553027182818,57.9,62.5,60.5,27.6,40.5,49.5,Yellow
S039,20,B.Sc,5,9.55,75.3,83.8,5,6.2,6,8,4,1,8.0,84.4,89.1,62.2,74.9,45.0,68.5,Blue
S040,21,BCA,7,4.91,91.6,88.9,7,6.8,5,6,3,6,5.0,94.3,65.6,54.5,69.9,55.0,61.0,Blue
S041,25,MBA,6,9.98,99.1,100.0,2,7.6,7,8,1,10,9.155160045086674,100.0,99.7,80.5,87.0,95.8,91.4,Green
S042,19,BCA,2,9.78,95.2,87.0,2,5.0,10,8,2,10,8.271715716216324,100.0,95.1,82.8,84.0,91.4,88.9,Green
S043,23,MBA,2,7.91,78.2,75.3,6,5.5,3,2,9,5,7.943360367014233,71.9,78.2,44.6,27.4,64.7,56.3,Yellow
S044,22,B.Sc,8,5.72,71.5,69.0,6,6.5,3,1,10,2,6.693512817280731,65.4,62.4,48.4,18.1,43.5,45.3,Yellow
S045,20,BCA,4,6.92,76.5,80.2,7,4.7,4,5,7,5,7.396677226996408,77.0,72.9,42.6,49.4,62.0,57.9,Yellow
S046,22,B.Tech,8,5.84,86.8,91.2,4,8.0,7,5,4,6,6.0,85.1,70.6,76.0,60.0,60.0,67.2,Blue
S047,21,BCA,7,7.24,77.7,74.0,10,3.9,1,1,6,7,8.0,82.4,73.8,18.6,33.5,75.0,52.2,Yellow
S048,25,MBA,7,7.85,81.9,72.6,7,7.4,5,5,6,8,7.373865132251138,86.9,78.0,56.8,54.4,76.9,67.7,Blue
S049,21,BCA,6,9.15,99.6,100.0,4,7.1,8,10,1,10,9.528500631952705,100.0,94.8,76.6,97.0,97.6,91.4,Green
S050,21,B.Tech,6,4.26,74.6,80.3,7,5.4,2,3,8,5,3.1279582284248284,65.4,56.5,37.2,34.1,40.6,43.2,Yellow
S051,22,B.Tech,8,8.98,95.6,94.7,2,7.7,8,7,2,10,7.751462442471583,88.5,91.9,84.9,76.7,88.8,86.3,Green
S052,21,BCA,6,8.82,97.4,100.0,4,6.2,6,10,1,10,9.434714316639644,98.0,92.4,65.2,96.6,97.2,87.6,Green
S053,19,B.Sc,2,9.26,99.3,100.0,3,5.5,7,7,1,9,8.777152513330046,93.3,95.4,69.6,80.7,88.9,84.4,Green
S054,22,MBA,1,9.92,94.0,85.2,4,7.7,6,7,1,9,8.662367015946405,100.0,95.4,70.9,82.0,88.3,84.8,Green
S055,20,B.Sc,5,6.84,79.7,72.0,5,5.0,4,10,1,7,6.376347662066707,73.1,71.4,49.8,91.6,66.9,68.9,Blue
S056,23,MBA,3,7.42,87.2,81.8,6,5.4,3,9,1,7,6.707376957427151,72.8,78.3,44.2,86.6,68.5,69.0,Blue
S057,21,BCA,6,9.05,92.2,94.6,5,4.7,6,8,1,10,8.02869967997983,85.5,91.7,56.6,84.1,90.1,81.0,Green
S058,21,BCA,6,7.4,78.2,80.1,5,4.7,6,3,9,7,6.998544358232898,79.7,76.1,56.6,33.9,70.0,61.3,Blue
S059,22,B.Sc,8,5.18,61.6,64.1,8,5.6,1,9,1,3,5.143749943265644,48.7,56.2,31.0,81.7,40.7,51.1,Yellow
S060,21,B.Tech,6,5.84,72.7,68.1,9,5.1,2,7,2,2,4.977465919665972,69.1,63.2,30.1,72.8,34.9,49.8,Yellow
S061,21,B.Tech,7,5.27,59.3,60.1,7,3.9,1,8,1,2,5.9794754235374,64.6,55.5,27.6,79.9,39.9,49.5,Yellow
S062,22,B.Sc,8,5.83,91.0,84.8,4,7.7,8,6,6,7,5.0,93.5,70.1,78.9,60.7,60.0,67.9,Blue
S063,21,B.Sc,7,8.56,90.5,96.4,5,5.8,6,9,1,10,8.942321168539479,76.0,88.7,60.8,87.2,94.7,82.9,Green
S064,18,BCA,1,5.78,68.0,65.9,8,4.3,2,1,10,3,5.53159224058831,56.4,61.5,30.1,16.3,42.7,39.9,Red
S065,20,BCA,4,6.92,72.0,79.0,7,4.3,3,3,8,7,4.9813402161721765,76.8,71.7,37.1,36.4,59.9,53.0,Yellow
S066,21,B.Sc,7,1.28,33.0,35.6,10,5.7,2,4,4,3,1.5675718456189454,42.7,21.4,29.4,46.5,22.8,28.8,Red
S067,21,BCA,7,8.91,96.2,100.0,2,6.5,8,10,1,10,7.291241182368482,100.0,92.7,80.4,97.0,86.5,88.9,Green
S068,18,B.Sc,1,9.05,96.8,98.7,2,8.5,7,8,2,10,7.382411583111943,86.4,93.4,82.0,81.3,86.9,86.5,Green
S069,23,MBA,3,4.35,52.6,44.9,8,3.8,1,2,8,5,3.9585217428446375,55.4,45.6,24.2,27.1,44.8,36.4,Red
S070,18,B.Sc,1,8.08,79.0,76.7,5,5.6,6,7,1,7,6.553547360436875,71.8,79.6,60.0,76.4,67.8,71.1,Blue
S071,24,MBA,5,1.27,46.9,52.7,10,5.4,2,5,7,1,1.0,40.2,27.5,28.2,42.0,10.0,26.2,Red
S072,22,B.Sc,8,9.1,89.1,70.8,4,6.7,5,7,4,1,6.0,64.2,86.6,63.1,65.8,35.0,63.7,Blue
S073,24,MBA,4,7.59,84.8,81.8,4,4.6,6,2,9,5,8.358273715211991,78.9,78.9,59.2,28.8,66.8,60.9,Blue
S074,20,B.Tech,5,8.84,97.5,100.0,5,5.6,3,8,1,9,8.720541299100708,86.5,92.5,48.0,84.3,88.6,78.8,Blue
S075,26,MBA,8,9.11,92.3,92.3,4,5.7,7,9,1,8,9.946123535494568,77.9,91.6,67.4,87.6,89.7,84.3,Green
S076,24,MBA,4,9.03,97.2,100.0,5,4.9,7,9,1,9,9.427419438514852,100.0,93.6,61.4,92.0,92.1,84.9,Green
S077,23,MBA,2,8.21,81.6,89.1,6,6.2,6,9,3,5,8.48594053548085,88.7,83.4,59.2,83.7,67.4,73.4,Blue
S078,21,BCA,6,8.96,99.4,96.2,4,7.2,6,9,1,10,7.023439512984038,97.2,92.9,69.0,91.4,85.1,84.7,Green
S079,21,B.Tech,6,9.74,95.7,100.0,2,6.0,10,10,1,9,8.938180092885665,83.9,97.6,86.5,93.8,89.7,92.1,Green
S080,21,BCA,7,8.73,91.5,90.0,4,7.7,8,7,4,10,9.586001774142192,87.4,88.7,78.9,70.5,97.9,84.9,Green
S081,18,B.Tech,1,4.09,50.6,57.6,6,5.9,2,1,8,3,4.238693329392588,41.8,46.2,42.1,19.4,36.2,37.3,Red
S082,20,BCA,4,8.8,94.2,97.4,4,6.9,8,9,2,9,7.356312373896769,83.9,91.1,75.9,85.8,81.8,83.9,Green
S083,23,MBA,3,5.06,87.1,88.6,6,7.7,8,8,7,5,5.0,92.6,65.5,72.9,67.5,50.0,63.9,Blue
S084,20,BCA,4,1.65,31.2,40.3,8,7.1,3,1,10,3,2.526951401505447,36.4,24.2,44.6,12.3,27.6,27.8,Red
S085,21,B.Sc,6,9.21,98.9,94.2,5,6.2,5,8,3,10,8.24416962939409,100.0,93.9,58.2,81.0,91.2,81.7,Green
S086,26,MBA,8,6.49,70.5,72.1,6,7.0,6,3,7,3,5.685771888644831,79.6,67.5,62.2,39.9,43.4,54.6,Yellow
S087,19,B.Sc,2,8.48,83.4,74.7,7,5.8,3,7,2,6,8.53053146813048,84.5,82.5,42.8,75.9,72.7,68.8,Blue
S088,24,MBA,5,7.04,73.9,82.5,4,5.2,8,2,9,7,7.3206281842199505,73.4,73.5,69.5,27.7,71.6,62.9,Blue
S089,20,B.Sc,5,9.23,94.9,95.5,4,5.9,7,9,1,9,7.983094607053525,81.8,93.5,68.1,88.4,84.9,84.0,Green
S090,18,BCA,1,8.67,99.7,97.7,2,6.7,6,7,4,8,9.40854421583854,93.3,91.5,73.1,71.7,87.0,81.8,Green
S091,21,B.Tech,6,6.72,75.5,67.0,4,4.8,7,9,3,8,4.828262226170869,76.8,68.8,64.0,81.4,64.1,68.9,Blue
S092,22,B.Tech,8,8.03,79.3,75.4,5,4.4,4,10,1,8,8.70414564869079,66.6,79.1,47.5,90.3,83.5,74.5,Blue
S093,19,BCA,2,8.45,75.5,68.4,7,7.2,5,7,5,6,8.80757027416134,73.5,79.5,56.0,64.7,74.0,69.3,Blue
S094,25,MBA,6,7.09,76.2,72.5,7,4.7,2,4,4,8,6.586417245002042,67.2,72.3,34.6,51.4,72.9,58.8,Yellow
S095,26,MBA,8,9.0,96.9,92.7,2,5.0,10,8,4,10,9.857865580695783,100.0,91.9,82.8,78.0,99.3,88.7,Green
S096,19,B.Sc,3,6.69,79.3,70.6,5,7.1,5,3,5,7,7.205950191095196,86.4,70.1,61.6,47.3,71.0,63.6,Blue
S097,20,B.Tech,5,8.78,99.7,100.0,3,6.8,6,7,4,9,9.343123801997525,100.0,92.6,70.5,73.0,91.7,82.9,Green
S098,23,MBA,3,8.33,88.4,94.6,6,3.8,3,9,1,6,6.649933452381728,86.8,86.6,38.2,89.4,63.2,69.2,Blue
S099,23,MBA,3,9.88,95.5,94.3,4,5.5,5,8,3,10,9.645776360327112,84.8,97.2,58.6,78.0,98.2,84.0,Green
S100,20,B.Tech,5,8.87,95.5,96.7,2,8.2,10,9,2,10,8.495590637236266,97.3,91.7,94.0,88.5,92.5,91.8,Green
S101,25,MBA,7,5.08,81.6,90.8,5,6.5,6,7,3,7,5.0,82.3,65.0,63.4,72.5,60.0,64.8,Blue
S102,21,B.Sc,6,6.86,71.7,68.3,5,4.4,4,6,5,5,7.42630996013948,80.6,69.2,47.5,61.1,62.1,60.4,Blue
S103,18,B.Tech,1,6.9,73.4,82.1,7,3.7,2,1,10,7,6.5828914005729375,75.8,72.5,30.9,20.2,67.9,50.5,Yellow
S104,20,B.Tech,5,4.06,59.1,67.5,6,6.5,4,3,6,4,2.753646248952321,47.1,49.7,52.4,36.4,33.8,43.7,Yellow
S105,26,MBA,8,7.2,87.0,77.9,6,5.8,3,4,5,6,6.778389568000374,84.7,76.2,45.8,51.9,63.9,60.7,Blue
S106,24,MBA,4,9.17,95.9,97.2,4,7.6,7,7,4,9,7.87906827820544,90.7,93.6,74.5,71.1,84.4,82.0,Green
S107,19,B.Sc,2,8.77,98.9,96.7,3,6.6,9,8,3,9,9.519864014759284,92.3,91.7,81.8,79.5,92.6,87.0,Green
S108,21,BCA,6,7.1,71.3,61.4,7,4.6,4,8,1,7,5.412095383110065,78.7,69.1,42.2,82.7,62.1,63.3,Blue
S109,20,BCA,4,3.49,47.9,48.8,9,5.1,1,1,8,2,3.308646434741829,36.2,40.3,26.1,18.2,26.5,28.9,Red
S110,20,B.Tech,5,7.88,73.2,64.9,4,4.7,6,1,10,8,6.810208013809751,63.2,74.9,59.6,17.6,74.1,59.4,Yellow
S111,19,B.Tech,3,7.21,83.7,76.2,7,4.1,4,5,5,6,7.381376606044512,76.9,75.2,40.4,55.4,66.9,60.5,Blue
S112,19,B.Tech,2,5.79,65.9,73.2,7,4.9,5,5,3,3,3.887066532100185,68.1,62.6,47.4,59.6,34.4,51.2,Yellow
S113,22,B.Tech,8,5.85,69.5,67.6,7,6.5,2,2,7,2,6.794183104853156,69.3,62.5,41.4,32.9,44.0,46.7,Yellow
S114,25,MBA,7,0.02,3.6,4.0,8,5.7,1,2,7,3,1.0,0.0,1.6,31.4,19.0,20.0,17.1,Red
S115,22,MBA,1,8.04,80.1,87.7,5,6.0,6,9,2,6,7.155927536790228,70.3,81.8,61.5,83.1,65.8,73.0,Blue
S116,19,BCA,2,5.46,69.0,76.4,8,5.8,2,3,5,5,4.220170279848667,76.0,61.8,35.8,45.2,46.1,48.1,Yellow
S117,25,MBA,6,8.81,91.2,88.2,5,6.2,5,10,1,9,9.651668344074622,85.5,88.7,58.2,94.1,93.3,83.3,Green
S118,19,B.Sc,3,8.71,88.0,89.3,6,7.5,5,7,6,3,6.0,72.9,87.7,60.1,61.6,45.0,64.9,Blue
S119,21,B.Sc,6,6.5,74.1,76.0,5,7.1,3,5,3,8,6.713299583852302,78.2,69.0,53.6,61.6,73.6,64.8,Blue
S120,21,B.Sc,6,7.89,89.5,82.2,6,5.6,6,4,6,6,7.218590806061288,92.8,81.7,57.0,50.6,66.1,65.4,Blue
S121,18,BCA,1,6.2,51.4,58.4,8,3.8,3,9,1,2,5.006873825908422,59.9,59.2,32.2,84.0,35.0,51.4,Yellow
S122,21,BCA,6,8.52,91.7,85.1,5,4.9,3,9,1,9,7.939573849334676,100.0,86.5,45.4,92.0,84.7,76.9,Blue
S123,22,B.Sc,8,8.22,72.1,81.4,6,5.1,6,10,1,7,6.339475786569255,61.8,80.0,55.1,89.4,66.7,72.3,Blue
S124,20,B.Sc,4,7.02,89.7,90.5,7,3.8,1,5,7,5,7.341597654522602,96.6,78.2,27.2,53.3,61.7,56.3,Yellow
S125,20,BCA,5,7.91,83.8,77.2,6,4.3,5,1,10,8,7.758697845652184,91.3,79.7,48.1,23.3,78.8,60.3,Blue
S126,19,B.Tech,3,6.57,84.5,90.9,4,6.0,4,4,4,8,5.945397268628972,74.4,74.5,56.5,52.9,69.7,64.5,Blue
S127,20,B.Tech,4,9.88,88.6,75.4,6,7.2,6,5,3,3,6.0,74.7,92.1,63.0,60.9,45.0,66.8,Blue
S128,24,MBA,5,9.49,99.7,97.0,5,4.5,7,10,1,8,8.422624402326065,99.2,96.3,59.9,96.8,82.1,83.8,Green
S129,19,B.Sc,3,9.48,95.3,100.0,4,6.5,4,7,5,9,8.883927501033337,85.6,95.9,58.4,67.1,89.4,79.1,Blue
S130,22,BCA,8,5.52,61.7,65.4,7,6.3,3,5,5,4,4.78492724765194,71.4,58.5,44.6,54.3,43.9,50.5,Yellow
S131,19,B.Tech,2,5.65,63.9,63.2,6,7.3,2,10,1,3,3.8720940523398255,61.8,59.3,47.4,89.4,34.4,56.1,Yellow
S132,19,BCA,2,3.64,31.1,34.7,8,7.1,4,2,10,3,3.825151706295151,31.0,35.0,48.6,16.2,34.1,34.4,Red
S133,25,MBA,6,6.98,73.3,82.1,7,6.6,5,1,7,7,7.25722777071284,75.8,73.0,53.8,29.2,71.3,59.0,Yellow
S134,20,BCA,5,9.08,99.3,100.0,5,4.9,3,8,1,9,9.494344349204663,96.3,94.3,45.4,86.3,92.5,80.0,Green
S135,19,B.Sc,2,9.49,79.3,75.7,9,3.3,3,4,3,5,8.0,72.8,87.9,27.4,55.6,65.0,60.6,Blue
S136,18,B.Tech,1,9.93,94.4,84.7,4,5.3,6,7,1,9,9.183163058738996,98.3,95.4,61.9,81.7,90.9,83.2,Green
S137,25,MBA,6,7.54,71.2,72.1,4,5.6,6,4,8,8,7.06062853381889,61.1,73.9,63.0,38.2,75.3,64.4,Blue
S138,20,B.Tech,5,5.47,83.0,97.5,7,8.0,6,5,6,5,5.0,82.1,68.9,63.0,53.4,50.0,59.6,Yellow
S139,20,B.Tech,4,9.96,99.9,91.6,5,6.6,3,8,1,9,10.0,100.0,98.1,51.8,87.0,95.0,83.5,Green
S140,20,B.Tech,5,6.54,88.6,85.0,6,5.8,2,6,6,7,6.983136813400584,78.7,74.0,41.8,57.7,69.9,61.7,Blue
S141,26,MBA,8,6.56,85.1,75.5,5,5.0,7,2,9,6,6.190228979605714,94.4,71.5,61.8,31.9,61.0,58.5,Yellow
S142,25,MBA,6,9.29,96.1,100.0,3,5.4,9,8,3,9,8.825098065422111,92.0,95.0,77.2,79.4,89.1,86.0,Green
S143,22,BCA,8,9.7,90.4,97.2,3,4.6,7,10,1,9,8.298577215077035,83.9,95.7,66.2,93.8,86.5,85.6,Green
S144,25,MBA,6,8.72,91.7,100.0,5,6.3,6,10,1,10,8.387507042477658,79.7,90.7,62.6,92.9,91.9,84.4,Green
S145,24,MBA,5,7.23,87.8,89.8,7,3.8,5,1,10,6,8.201437435662154,79.8,78.9,43.2,21.0,71.0,56.4,Yellow
S146,18,B.Tech,1,8.49,72.8,75.0,5,5.6,6,9,2,7,6.647344823454364,70.6,80.5,60.0,83.1,68.2,72.8,Blue
S147,22,B.Sc,8,8.22,83.4,83.4,4,5.4,8,7,1,5,6.431646879605798,73.7,82.7,70.2,76.7,57.2,72.0,Blue
S148,20,B.Sc,5,1.25,27.1,28.9,9,3.5,2,2,8,3,1.0,28.0,18.7,24.1,21.6,20.0,21.0,Red
S149,25,MBA,7,8.24,89.9,81.1,6,6.6,5,7,1,8,8.715644117803425,82.4,83.6,56.8,78.5,83.6,75.9,Blue
S150,20,BCA,5,5.99,63.4,72.7,8,4.2,4,6,4,4,5.169028995483535,63.3,63.2,37.8,60.7,45.8,52.0,Yellow
S151,19,BCA,3,4.69,73.7,83.6,8,4.4,4,1,9,5,5.192749284197037,64.4,59.6,38.5,20.9,51.0,44.4,Yellow
S152,24,MBA,5,7.2,83.3,84.5,4,7.5,5,4,7,6,7.836722912035965,89.9,76.8,66.1,47.0,69.2,66.3,Blue
S153,19,B.Sc,3,5.81,50.4,53.2,6,5.6,2,2,6,2,5.284953940599603,57.5,55.6,41.0,33.5,36.4,42.7,Yellow
S154,19,B.Sc,3,6.31,64.5,72.2,6,4.8,2,5,3,5,4.48125487081616,58.4,65.2,38.0,57.7,47.4,52.4,Yellow
S155,19,BCA,2,9.31,93.7,87.0,5,7.0,6,10,1,9,7.830128588987867,82.0,92.0,65.2,93.4,84.2,83.6,Green
S156,20,B.Tech,4,6.75,84.3,86.3,5,6.4,6,1,7,8,4.796441745736426,80.0,74.6,63.0,30.0,64.0,60.1,Blue
S157,22,B.Sc,8,5.73,82.3,88.5,7,6.5,5,5,6,8,5.0,99.5,68.5,53.4,56.9,65.0,61.5,Blue
S158,24,MBA,5,8.69,92.5,90.7,5,5.9,7,10,2,10,8.89684716872773,78.5,88.8,65.1,89.7,94.5,84.5,Green
S159,21,B.Sc,7,6.85,83.4,80.9,4,5.6,4,1,8,6,6.235749359261627,84.3,74.0,55.0,27.9,61.2,56.8,Yellow
S160,20,B.Tech,5,5.67,57.0,52.6,9,5.8,2,10,1,3,4.799535266908643,65.2,55.9,32.8,90.0,39.0,52.7,Yellow
S161,25,MBA,6,7.18,86.8,87.1,7,5.1,4,7,1,8,5.247222413394329,96.6,77.9,44.1,81.3,66.2,67.2,Blue
S162,22,BCA,8,4.18,51.3,46.5,6,6.3,6,3,9,5,5.018873462590558,40.2,44.6,59.6,26.0,50.1,46.0,Yellow
S163,23,MBA,3,9.45,93.6,85.5,4,5.6,5,9,2,10,8.519568042583154,100.0,92.5,59.0,89.0,92.6,83.4,Green
S164,20,B.Sc,4,6.48,54.1,49.1,7,6.0,5,2,9,5,5.311347033015773,55.5,59.5,51.5,24.1,51.6,48.4,Yellow
S165,24,MBA,5,8.07,89.6,78.5,8,4.3,3,2,3,5,8.0,85.0,82.0,34.1,48.0,65.0,59.0,Yellow
S166,20,BCA,4,6.78,74.8,79.7,7,4.6,5,10,1,6,5.480396128553936,79.6,71.6,46.2,92.9,57.4,66.0,Blue
S167,20,B.Tech,4,6.64,84.4,81.6,5,4.5,6,5,4,6,6.489800755659698,86.0,73.0,55.9,60.2,62.4,63.5,Blue
S168,19,B.Sc,3,9.74,73.0,79.6,7,7.1,5,8,7,3,6.0,80.6,89.0,55.6,65.1,45.0,64.9,Blue
S169,19,BCA,2,4.95,58.3,60.2,8,6.0,1,5,5,5,3.9659076777165474,54.6,53.4,32.5,50.9,44.8,45.5,Yellow
S170,21,BCA,6,4.73,72.6,65.0,6,3.9,3,4,6,2,4.990648564964227,67.4,55.9,38.6,45.5,35.0,44.3,Yellow
S171,18,B.Tech,1,9.98,97.3,91.9,5,4.8,5,7,2,8,9.963093390121417,100.0,97.7,53.0,79.0,89.8,80.8,Green
S172,22,B.Tech,8,5.83,53.1,49.1,7,5.5,5,10,1,3,3.865128080884071,60.5,55.4,49.6,89.1,34.3,55.4,Yellow
S173,18,B.Sc,1,9.3,96.3,100.0,4,6.9,7,9,1,10,8.95980214398494,87.5,95.1,71.9,89.5,94.8,88.1,Green
S174,21,B.Tech,6,8.51,96.5,100.0,3,6.6,6,9,3,9,7.256573276311025,87.4,90.4,69.8,83.5,81.3,81.6,Green
S175,20,B.Tech,5,6.56,74.7,72.8,5,4.9,7,4,4,5,5.864304973720143,81.3,68.9,61.4,54.3,54.3,60.5,Blue
S176,22,B.Tech,8,1.49,29.9,37.0,10,3.6,2,4,7,3,1.5201636976304669,24.8,22.3,21.5,34.0,22.6,24.5,Red
S177,25,MBA,7,6.04,65.5,70.4,8,4.9,2,9,2,2,5.884604951753829,53.6,63.4,32.4,79.7,39.4,52.9,Yellow
S178,21,B.Sc,6,9.34,73.5,80.2,5,6.2,7,5,7,2,7.0,68.2,86.8,66.2,47.6,45.0,63.4,Blue
S179,22,B.Tech,8,5.92,52.5,58.0,7,4.0,5,9,1,4,5.377860346183864,53.6,57.6,44.0,82.7,46.9,56.5,Yellow
S180,19,BCA,2,4.97,73.9,80.1,6,5.3,2,4,8,5,3.008021646790194,81.7,60.6,39.9,42.3,40.0,46.6,Yellow
S181,24,MBA,4,8.48,78.9,85.6,4,7.1,4,8,1,6,6.937274425844035,82.3,83.8,60.6,83.5,64.7,73.2,Blue
S182,18,B.Tech,1,8.21,76.4,86.3,6,3.8,2,9,1,5,6.815681485731838,79.7,81.8,34.2,87.9,59.1,65.4,Blue
S183,22,B.Tech,8,2.52,0.6,0.0,10,4.8,1,4,8,2,1.364391823236646,0.0,15.2,22.0,26.0,16.8,19.5,Red
S184,19,BCA,2,9.2,93.8,91.1,2,7.8,7,8,1,8,7.23850664111949,90.8,92.2,81.2,85.2,76.2,84.0,Green
S185,19,B.Sc,2,5.6,54.8,63.3,6,7.8,3,7,4,3,6.335520382631562,39.9,57.2,53.2,61.0,46.7,54.3,Yellow
S186,19,B.Sc,2,8.0,84.5,84.4,7,7.5,3,1,8,8,8.145417617838868,74.0,81.8,49.1,25.8,80.7,62.1,Blue
S187,20,B.Tech,5,8.19,75.3,76.9,8,4.6,4,4,7,9,6.0,75.3,79.6,39.2,44.1,75.0,61.2,Blue
S188,19,BCA,3,6.28,73.8,77.4,6,6.5,3,10,1,2,4.375222681781686,59.6,67.9,48.4,88.9,31.9,58.2,Yellow
S189,21,B.Sc,7,4.6,50.9,46.3,8,3.8,1,2,10,3,3.1982057857799235,44.0,47.0,24.2,18.8,31.0,31.7,Red
S190,22,B.Tech,8,8.93,96.2,99.6,2,8.5,10,8,3,9,8.287550167896487,81.8,92.7,94.0,77.4,86.4,88.4,Green
S191,19,B.Sc,2,7.09,80.9,84.3,7,6.4,1,3,5,6,5.412583341339163,66.1,75.6,37.0,43.2,57.1,54.8,Yellow
S192,20,B.Sc,5,6.5,88.5,81.3,7,4.9,5,7,2,5,6.227174951292243,81.2,73.0,47.4,75.2,56.1,62.8,Blue
S193,21,B.Tech,6,6.34,54.9,52.5,9,6.0,1,1,8,3,7.15605472105951,58.7,59.5,29.5,22.7,50.8,42.5,Yellow
S194,19,B.Tech,2,6.76,86.6,80.9,4,6.4,7,4,6,7,7.414902721356606,74.2,74.1,70.0,46.8,72.1,67.1,Blue
S195,22,MBA,1,9.99,97.1,92.2,2,7.4,8,7,3,9,10.0,92.4,97.8,83.8,74.5,95.0,88.9,Green
S196,25,MBA,7,9.58,95.9,100.0,5,4.0,3,9,1,8,8.09859790968899,91.4,96.7,42.0,90.3,80.5,77.7,Blue
S197,22,MBA,1,5.15,58.0,58.1,8,5.7,2,1,10,5,5.1811094021533135,57.4,54.1,35.4,16.5,50.9,41.1,Yellow
S198,19,BCA,3,9.27,92.9,100.0,2,6.3,10,8,1,10,9.585891855355827,78.8,94.2,87.6,82.8,97.9,91.2,Green
S199,21,B.Tech,6,4.81,71.0,74.6,9,3.6,3,1,8,2,5.740574491023883,60.0,58.0,28.5,23.0,38.7,38.8,Red
S200,20,B.Sc,4,3.53,42.6,45.6,8,5.8,2,3,7,2,3.3955846521150663,52.1,38.8,35.8,34.4,27.0,34.2,Red
S201,22,MBA,1,5.95,53.6,45.9,8,4.8,1,8,3,3,6.634581221538487,39.0,55.6,28.0,68.8,48.2,49.5,Yellow
S202,20,BCA,5,7.8,73.7,67.2,6,6.2,2,4,7,7,6.181201784946964,74.6,75.0,43.2,43.9,65.9,58.6,Yellow
S203,19,B.Tech,3,7.07,77.9,81.6,5,6.2,3,1,10,7,6.717248035429895,87.5,74.3,50.2,22.5,68.6,56.5,Yellow
S204,20,BCA,5,6.53,76.4,82.1,6,7.6,4,6,6,8,5.635845811858983,83.7,70.9,56.5,58.7,68.2,64.2,Blue
S205,19,B.Sc,3,8.97,91.2,84.0,4,5.8,6,9,1,9,8.44727654211234,86.5,88.9,63.8,89.3,87.2,82.3,Green
S206,21,B.Sc,6,7.26,81.5,76.0,4,5.2,6,6,6,5,7.311183952279293,67.8,75.1,61.5,55.6,61.6,64.4,Blue
S207,26,MBA,8,1.63,34.0,26.7,9,6.7,2,5,6,2,2.2634166914293843,29.9,21.9,36.1,43.0,21.3,29.5,Red
S208,18,BCA,1,7.34,73.1,69.1,6,6.5,2,8,1,8,5.360752937126885,58.6,72.5,44.4,78.7,66.8,65.3,Blue
S209,21,B.Tech,7,4.33,65.1,57.1,7,4.6,2,2,8,2,4.966126770292433,51.1,50.4,34.2,26.2,34.8,37.6,Red
S210,22,B.Tech,8,5.74,51.9,46.1,8,3.8,4,7,3,2,4.223525727427368,40.2,54.0,36.2,64.0,31.1,45.8,Yellow
S211,20,B.Tech,4,6.77,81.2,90.6,4,4.2,6,8,3,6,5.055998971092102,78.7,75.0,57.8,76.7,55.3,66.1,Blue
S212,20,B.Sc,4,8.27,75.2,80.3,10,3.4,2,4,3,6,6.0,76.9,80.7,20.8,56.4,60.0,55.7,Yellow
S213,20,B.Sc,4,7.07,84.5,88.2,5,7.5,6,5,3,7,6.932476312392271,85.0,77.0,67.1,63.0,69.7,69.9,Blue
S214,18,B.Tech,1,9.62,92.4,86.1,4,7.0,4,8,4,8,9.169934389396216,93.5,93.4,60.2,76.7,85.8,79.9,Blue
S215,23,MBA,3,8.46,88.8,94.7,7,5.6,1,8,1,8,9.20906238180422,81.1,87.5,34.0,83.2,86.0,72.9,Blue
S216,20,B.Tech,4,9.97,90.8,87.5,3,7.6,7,9,1,10,9.69243901553942,86.2,95.5,77.5,89.2,98.5,90.5,Green
S217,21,B.Sc,7,5.88,68.1,58.8,9,6.4,1,5,5,5,4.761661664763944,63.5,60.7,31.0,52.7,48.8,48.7,Yellow
S218,20,B.Sc,5,7.1,83.4,85.4,5,7.5,7,6,4,5,6.374421917250057,71.5,76.4,71.1,62.3,56.9,67.4,Blue
S219,25,MBA,7,7.21,81.9,85.6,6,5.6,2,10,1,5,7.262954756813707,83.6,76.8,41.0,93.7,61.3,67.4,Blue
S220,18,B.Tech,1,7.09,71.4,72.8,6,4.0,3,1,10,6,5.964175443874394,75.0,71.4,39.0,20.0,59.8,50.1,Yellow
S221,20,BCA,4,8.54,98.1,94.0,2,5.1,8,7,3,8,8.380149876490346,88.8,89.7,75.1,73.8,81.9,80.9,Green
S222,24,MBA,4,7.72,77.5,71.7,5,7.2,6,7,1,6,7.678562765293565,75.2,76.2,66.0,77.0,68.4,71.9,Blue
S223,19,B.Sc,2,8.17,83.5,90.4,4,7.7,7,8,1,5,8.193130824719368,72.3,83.8,74.9,81.5,66.0,76.7,Blue
S224,22,BCA,8,5.68,67.6,71.2,8,4.9,2,9,3,4,3.9772820286017776,62.8,61.8,32.4,78.6,39.9,52.3,Yellow
S225,19,B.Tech,2,6.94,76.7,68.5,7,6.3,1,1,10,7,5.553774846911531,86.2,70.7,36.6,22.2,62.8,50.5,Yellow
S226,21,B.Sc,6,5.13,68.9,69.4,6,5.4,2,4,7,5,4.403000787039297,56.1,58.4,40.2,40.2,47.0,47.4,Yellow
S227,23,MBA,3,8.8,96.2,90.0,4,7.4,8,7,3,8,7.387837589532711,100.0,90.0,77.8,76.0,76.9,80.9,Green
S228,21,B.Tech,6,9.85,97.5,93.2,4,6.8,4,9,3,8,10.0,96.2,97.2,59.5,85.2,90.0,83.6,Green
S229,21,B.Sc,6,7.43,70.1,63.7,7,6.2,5,1,8,7,5.4822738872385175,55.2,71.3,52.2,22.0,62.4,54.4,Yellow
S230,20,BCA,5,6.67,74.3,68.8,7,6.0,4,7,1,6,6.625893089896121,81.2,68.6,47.5,78.2,63.1,63.9,Blue
S231,19,B.Sc,3,7.94,74.7,86.8,9,4.1,4,4,5,5,8.0,75.6,79.9,34.4,50.1,65.0,58.8,Yellow
S232,20,B.Tech,5,7.99,78.4,77.5,4,7.1,4,2,6,5,7.110997812551932,66.8,79.1,60.6,35.4,60.6,61.1,Blue
S233,20,B.Tech,4,9.73,98.6,100.0,3,7.2,7,10,1,8,8.81779385408493,96.1,98.1,76.0,96.2,84.1,88.7,Green
S234,18,B.Tech,1,8.05,76.4,74.6,5,7.6,5,9,2,6,8.777256483219151,72.7,78.5,63.5,83.5,73.9,74.6,Blue
S235,21,BCA,7,6.58,84.1,91.3,6,3.9,2,4,8,7,5.221667358674973,74.1,74.6,34.6,40.8,61.1,54.5,Yellow
S236,24,MBA,4,2.89,12.1,14.2,9,6.0,1,3,9,2,1.1982240202973813,8.9,22.6,29.5,19.8,16.0,22.1,Red
S237,18,BCA,1,6.09,52.6,50.8,6,7.6,4,6,6,2,5.088260340378538,60.0,57.2,56.5,54.0,35.4,50.9,Yellow
S238,22,B.Tech,8,1.0,23.9,28.0,10,3.2,1,4,5,1,1.2352358463421556,9.3,16.4,16.0,36.9,11.2,19.1,Red
S239,26,MBA,8,9.66,71.1,85.8,7,6.8,6,5,5,2,7.0,80.3,89.3,58.5,56.1,45.0,63.9,Blue
S240,19,BCA,3,7.9,77.7,81.4,4,5.9,4,3,9,8,8.828773289041274,70.5,79.2,56.1,32.1,84.1,65.2,Blue
S241,24,MBA,4,7.67,79.4,83.4,7,4.8,3,2,10,7,7.56302381181487,81.3,78.6,39.0,26.3,72.8,56.8,Yellow
S242,20,B.Tech,5,9.7,79.6,82.9,5,6.8,7,7,6,3,6.0,72.9,90.7,68.5,61.6,45.0,67.9,Blue
S243,20,BCA,4,5.15,63.1,65.1,9,5.0,3,8,2,5,5.609676126702701,49.2,56.5,33.8,73.8,53.0,53.4,Yellow
S244,19,B.Tech,2,6.12,67.8,61.2,8,6.3,4,6,6,4,4.756583942444661,75.7,62.5,45.6,57.1,43.8,52.5,Yellow
S245,21,B.Tech,7,1.89,25.6,17.8,10,3.1,1,4,5,1,2.5287356575071582,18.8,20.0,15.6,38.8,17.6,22.1,Red
S246,21,B.Tech,6,8.75,94.0,85.3,4,4.2,7,10,1,10,6.897153756520112,85.5,88.4,61.8,94.1,84.5,81.9,Green
S247,26,MBA,8,7.53,89.4,91.6,6,4.9,4,2,10,5,7.367924104694223,89.0,81.4,46.4,27.8,61.8,57.0,Yellow
S248,23,MBA,2,5.78,96.5,90.6,7,6.6,6,7,6,5,8.0,88.9,72.1,57.8,64.8,65.0,65.3,Blue
S249,19,B.Tech,2,7.91,89.9,80.9,6,5.2,4,4,4,7,8.2935987545412,90.8,81.6,47.5,56.2,76.5,66.7,Blue
S250,20,B.Tech,4,1.17,40.1,43.7,9,6.7,1,2,7,3,1.0,46.0,23.8,32.1,28.2,20.0,25.8,Red
S251,20,B.Tech,5,4.13,62.1,56.8,9,3.8,3,1,10,2,4.978049166558044,64.0,48.6,29.2,17.8,34.9,34.2,Red
S252,19,B.Tech,3,8.5,97.9,88.3,5,6.1,3,8,1,9,7.056266053134858,90.8,88.2,49.9,85.2,80.3,76.1,Blue
S253,18,BCA,1,5.14,74.7,84.5,9,7.0,1,8,1,5,4.015059093451059,67.5,62.7,33.2,80.5,45.1,54.5,Yellow
S254,19,BCA,3,8.77,94.9,96.8,5,7.5,5,10,1,9,8.498463575242411,83.7,91.0,63.1,93.7,87.5,83.7,Green
S255,22,MBA,1,6.77,86.3,90.6,4,5.6,6,5,6,5,6.852769881396506,88.5,76.0,63.0,54.7,59.3,64.3,Blue
S256,18,B.Sc,1,8.54,93.1,100.0,2,6.4,8,8,2,9,7.30982757406462,100.0,89.9,80.0,84.0,81.5,84.1,Green
S257,25,MBA,6,3.66,40.2,31.0,10,6.8,1,3,8,1,2.3577792981347705,45.1,36.2,29.5,30.0,16.8,28.4,Red
S258,20,B.Tech,4,5.57,80.1,87.4,6,6.9,8,7,7,5,6.0,94.6,66.9,69.9,62.9,55.0,63.9,Blue
S259,18,B.Sc,1,8.35,81.1,90.2,4,6.7,8,10,1,5,8.97886399087056,88.8,84.4,75.1,94.8,69.9,80.5,Green
S260,19,B.Tech,2,8.55,99.5,100.0,2,6.8,7,9,3,10,8.04917961457974,90.9,91.2,77.5,84.2,90.2,86.1,Green
S261,24,MBA,5,9.24,92.6,98.2,2,6.7,6,8,3,9,9.228717664941383,85.9,93.6,73.1,78.2,91.1,84.8,Green
S262,26,MBA,8,6.7,78.6,73.8,6,7.7,2,7,2,8,6.670402982686339,75.4,70.7,48.9,74.1,73.4,66.6,Blue
S263,21,B.Sc,7,6.08,58.9,65.0,6,4.7,6,10,1,2,6.156513825144794,67.4,61.3,53.6,90.5,40.8,60.1,Blue
S264,20,BCA,4,9.06,95.2,100.0,2,7.5,9,9,1,8,9.509721475998475,86.4,93.4,88.1,89.3,87.5,89.8,Green
S265,20,B.Tech,4,9.49,77.2,83.4,5,7.9,5,8,5,1,8.0,85.2,89.1,64.6,72.0,45.0,68.5,Blue
S266,18,B.Tech,1,9.98,91.6,99.9,3,7.5,6,7,5,9,9.774960274315957,88.5,98.2,73.1,67.7,93.9,84.8,Green
S267,24,MBA,4,3.79,32.2,39.9,8,3.8,4,2,6,1,2.055931689799729,22.3,37.2,36.2,26.5,15.3,29.3,Red
S268,22,B.Sc,8,1.38,32.9,41.5,10,4.4,1,2,9,2,1.0,34.8,23.2,20.5,20.0,15.0,19.8,Red
S269,25,MBA,7,6.53,85.1,81.3,5,7.7,4,6,6,7,6.408579689175284,93.4,72.5,59.9,60.7,67.0,65.6,Blue
S270,21,BCA,6,8.15,77.6,77.0,5,7.7,4,9,3,5,8.469447255884385,87.5,79.8,59.9,83.5,67.3,72.4,Blue
S271,20,B.Sc,4,5.97,71.7,62.8,9,6.2,1,7,1,3,6.713575487269108,61.9,62.7,30.2,74.4,48.6,53.4,Yellow
S272,24,MBA,5,8.87,90.2,86.9,2,7.4,9,9,1,10,8.648777954221686,99.1,88.6,87.8,91.8,93.2,90.2,Green
S273,20,BCA,5,4.45,88.7,90.6,7,6.3,6,6,7,6,6.0,80.4,62.6,56.6,55.1,60.0,59.0,Yellow
S274,23,MBA,3,5.81,92.2,96.5,5,6.5,5,8,5,8,6.0,95.4,72.6,59.4,74.1,70.0,68.9,Blue
S275,19,BCA,3,8.75,95.6,88.8,5,4.1,3,10,1,10,8.724098952114892,90.9,89.4,42.4,95.2,93.6,79.9,Blue
S276,25,MBA,7,8.5,72.8,83.9,8,3.3,4,4,6,9,5.0,62.1,82.3,34.4,44.4,70.0,59.7,Yellow
S277,24,MBA,5,4.17,51.7,48.8,7,4.9,2,4,8,2,2.214831792295616,56.1,45.1,35.4,37.2,21.1,35.1,Red
S278,25,MBA,7,7.85,72.2,74.8,6,7.7,6,2,7,5,7.189589222460836,70.6,76.5,64.9,33.1,60.9,61.0,Blue
S279,24,MBA,4,5.87,52.5,53.7,7,6.3,5,5,6,4,6.343032286768478,44.1,56.5,52.6,45.8,51.7,52.2,Yellow
S280,20,BCA,4,6.9,81.6,85.8,7,5.5,5,10,1,6,7.55571603415775,88.1,74.9,49.6,94.6,67.8,70.7,Blue
S281,23,MBA,2,9.33,87.5,70.4,4,7.2,8,7,4,2,9.0,89.1,87.6,77.0,70.8,55.0,73.4,Blue
S282,19,B.Tech,3,4.26,67.2,61.1,9,6.2,1,3,7,5,3.769003578925816,61.0,51.2,30.2,36.2,43.8,41.1,Yellow
S283,18,B.Sc,1,4.01,97.2,95.3,7,6.1,8,6,7,5,7.0,99.3,62.6,63.9,58.9,60.0,61.5,Blue
S284,25,MBA,7,6.97,87.4,89.8,5,7.1,4,5,5,6,5.536230340880247,89.8,77.3,57.6,58.0,57.7,63.6,Blue
S285,18,BCA,1,4.01,59.0,52.2,8,6.9,2,3,9,2,4.101717783817845,62.4,46.3,39.9,30.5,30.5,37.6,Red
S286,23,MBA,2,6.99,73.5,77.3,7,5.8,2,1,8,5,5.321463812556212,61.8,72.1,38.8,23.4,51.6,48.9,Yellow
S287,19,B.Tech,2,5.7,61.5,64.4,9,4.3,3,2,6,2,4.838653001043504,69.0,59.4,31.1,35.8,34.2,41.3,Yellow
S288,22,BCA,8,7.59,75.6,71.4,6,6.3,4,2,8,6,5.981447776833626,74.2,74.9,51.6,30.8,59.9,56.5,Yellow
S289,23,MBA,2,9.26,98.4,97.9,4,4.6,5,10,1,8,9.442044275097864,94.5,94.8,55.2,95.9,87.2,83.2,Green
S290,19,BCA,2,9.93,97.1,100.0,3,8.1,8,7,1,9,9.639145840360472,90.0,99.0,83.0,80.0,93.2,89.8,Green
S291,24,MBA,5,9.71,92.3,88.6,4,7.8,5,7,5,10,10.0,98.0,94.4,67.2,69.6,100.0,84.0,Green
S292,18,B.Sc,1,8.36,74.4,82.5,10,4.3,3,4,7,9,6.0,77.4,81.5,28.1,44.5,75.0,59.1,Yellow
S293,26,MBA,8,7.72,70.8,75.4,5,6.1,4,3,9,6,8.682939990350656,79.9,75.6,53.9,34.0,73.4,61.3,Blue
S294,18,BCA,1,9.87,92.8,95.3,4,4.3,6,8,4,9,10.0,88.2,96.8,58.1,75.6,95.0,82.4,Green
S295,25,MBA,7,6.44,68.5,60.9,6,5.2,5,6,3,5,6.075130678465636,70.0,64.5,51.5,65.0,55.4,59.1,Yellow
S296,20,B.Tech,4,5.14,61.8,63.5,6,5.1,4,5,5,5,4.636302837885244,50.5,55.9,47.1,50.1,48.2,50.6,Yellow
S297,19,B.Sc,3,7.84,89.3,82.4,4,4.8,5,5,3,6,7.325745393081578,77.5,81.4,56.0,61.5,66.6,67.4,Blue
S298,24,MBA,4,7.09,74.4,76.8,6,4.1,3,7,2,5,5.628673128883441,79.8,72.8,39.4,75.0,53.1,60.0,Blue
S299,25,MBA,7,4.69,70.7,65.6,6,5.6,2,2,7,5,3.4934141371655643,58.5,55.4,41.0,30.7,42.5,43.6,Yellow
S300,24,MBA,4,6.53,71.8,78.0,4,5.9,5,7,3,6,4.9973915622306855,61.0,69.1,60.1,68.2,55.0,63.1,Blue
S301,21,BCA,7,4.03,68.5,60.1,8,6.9,3,5,6,5,2.443966459558986,62.0,49.9,43.9,49.4,37.2,45.1,Yellow
S302,21,BCA,6,5.62,62.4,66.3,8,7.3,2,7,1,4,5.891297377312233,55.0,59.5,41.4,73.0,49.5,55.2,Yellow
S303,23,MBA,2,8.12,76.7,85.9,7,4.4,4,7,1,7,8.861498773626058,79.1,81.2,41.5,77.8,79.3,70.1,Blue
S304,22,B.Sc,8,8.4,79.8,86.8,5,6.4,4,9,3,7,8.116532484882402,70.2,83.7,55.0,80.0,75.6,73.8,Blue
S305,20,B.Tech,4,9.36,79.8,89.9,7,7.7,8,8,4,2,7.0,85.3,90.1,69.9,75.1,45.0,70.8,Blue
S306,19,B.Sc,2,6.9,88.3,78.5,4,5.0,8,3,6,6,6.079896277003985,84.0,74.8,68.8,43.8,60.4,63.5,Blue
S307,19,B.Tech,3,8.03,74.3,82.7,5,7.8,3,8,2,8,7.160282244184515,72.9,79.6,56.2,78.6,75.8,72.6,Blue
S308,22,B.Sc,8,8.33,86.7,94.7,5,6.7,4,7,4,7,7.054083217491142,90.4,86.3,56.1,71.1,70.3,71.7,Blue
S309,19,BCA,3,6.64,79.8,86.6,5,4.6,5,1,9,7,6.914102862456945,72.4,73.1,52.2,22.5,69.6,56.9,Yellow
S310,19,B.Tech,3,8.08,71.3,78.3,7,4.5,3,9,2,5,6.919687995477941,77.3,78.4,37.9,84.5,59.6,64.8,Blue
S311,19,BCA,2,6.49,71.0,73.9,7,4.9,1,2,7,5,4.701681722904588,80.8,67.9,31.4,35.2,48.5,47.4,Yellow
S312,20,BCA,4,9.4,93.2,95.4,3,5.8,5,10,1,9,10.0,80.3,94.1,62.8,93.1,95.0,86.3,Green
S313,22,B.Sc,8,4.8,73.2,64.7,9,5.0,1,4,4,3,5.343736285121035,82.4,56.4,25.8,54.5,41.7,44.7,Yellow
S314,18,B.Tech,1,9.11,94.6,90.4,3,7.1,6,7,5,9,9.024947012543464,88.5,91.7,71.6,67.7,90.1,81.5,Green
S315,19,B.Tech,2,6.96,83.1,84.2,4,7.0,8,1,8,7,7.04887934717289,91.6,75.2,76.2,29.3,70.2,65.0,Blue
S316,20,B.Sc,5,4.19,71.0,64.2,8,6.9,4,2,9,5,4.374810545187621,59.3,52.2,47.9,24.9,46.9,44.3,Yellow
S317,25,MBA,6,4.35,99.9,84.1,6,7.1,6,5,5,8,8.0,81.6,62.9,62.6,56.3,80.0,65.8,Blue
S318,24,MBA,4,4.61,68.4,62.0,9,5.4,1,4,5,4,2.7470325410007863,73.2,53.7,27.2,49.6,33.7,41.3,Yellow
S319,21,B.Tech,7,8.9,82.6,83.1,9,3.7,1,2,3,6,6.0,61.4,86.5,20.9,43.3,60.0,54.8,Yellow
S320,26,MBA,8,0.25,29.8,30.3,9,3.6,1,4,7,1,1.0,18.9,13.5,20.5,32.8,10.0,18.2,Red
S321,19,B.Tech,3,8.98,98.8,91.7,4,6.7,8,7,5,9,8.550828321586536,100.0,92.0,75.1,70.0,87.8,82.3,Green
S322,22,B.Tech,8,4.43,74.9,69.7,7,5.6,4,2,8,4,2.609568878358431,64.3,55.5,46.0,28.9,33.0,42.2,Yellow
S323,23,MBA,3,9.39,98.8,100.0,4,5.4,5,10,1,8,9.248910593448898,100.0,96.1,58.2,97.0,86.2,84.3,Green
S324,25,MBA,7,7.62,85.0,85.7,6,5.2,2,3,8,6,7.408132562302359,86.0,79.9,39.5,38.2,67.0,58.2,Yellow
S325,21,B.Tech,7,8.78,94.7,96.2,2,7.5,7,8,4,10,8.982366258498212,100.0,90.9,80.1,78.0,94.9,86.6,Green
S326,20,BCA,4,9.72,79.8,81.6,4,6.7,8,6,5,2,6.0,66.0,90.6,75.1,58.2,40.0,67.6,Blue
S327,21,B.Tech,7,4.02,95.2,87.5,5,7.1,5,5,7,5,7.0,92.4,60.7,61.6,52.5,60.0,59.1,Yellow
S328,18,B.Sc,1,7.97,73.9,79.4,6,5.3,6,8,3,7,6.629911512711873,81.6,78.5,55.9,77.3,68.1,70.0,Blue
S329,20,B.Sc,4,6.33,55.7,58.1,7,6.3,3,8,1,4,4.906076290547438,53.6,60.7,44.6,77.7,44.5,56.0,Yellow
S330,21,BCA,6,6.17,61.4,56.7,7,5.9,4,10,2,2,6.920070653899396,65.0,60.6,47.1,87.0,44.6,58.5,Yellow
S331,20,BCA,4,9.48,89.6,85.2,9,3.5,4,1,3,8,7.0,66.4,91.8,32.1,39.3,75.0,62.2,Blue
S332,18,B.Tech,1,10.0,92.7,88.0,4,4.9,6,10,1,10,8.561437811753843,96.1,96.1,60.4,96.2,92.8,86.4,Green
S333,19,B.Sc,2,9.05,96.7,90.0,4,5.9,5,7,1,9,9.16737836266572,85.1,91.6,60.1,79.0,90.8,81.0,Green
S334,22,B.Sc,8,9.2,87.9,71.6,5,7.2,6,7,6,2,6.0,63.5,87.1,66.0,59.7,40.0,64.6,Blue
S335,21,B.Tech,6,5.64,66.9,75.3,6,4.7,6,2,7,2,6.372234030223647,56.4,62.3,53.6,30.3,41.9,48.6,Yellow
S336,22,B.Tech,8,1.03,13.6,13.4,8,6.8,4,3,5,3,1.0,19.6,11.6,47.5,33.9,20.0,27.1,Red
S337,22,B.Sc,8,9.03,83.6,80.5,6,7.2,6,5,5,2,9.0,84.8,87.0,63.0,57.0,55.0,67.0,Blue
S338,24,MBA,5,6.83,71.8,63.1,5,4.8,6,3,9,8,6.04558115965085,80.9,68.0,57.0,34.2,70.2,59.0,Yellow
S339,23,MBA,2,7.4,87.7,88.8,7,6.4,4,8,4,7,5.872508309833617,75.2,79.7,49.0,73.0,64.4,66.9,Blue
S340,20,B.Tech,4,6.03,57.1,54.8,8,5.4,1,6,6,4,4.85122212348842,66.5,58.6,30.2,55.3,44.3,47.3,Yellow
S341,22,B.Sc,8,9.16,96.9,99.5,4,5.3,4,7,1,9,9.472470519414497,82.5,94.2,53.9,78.5,92.4,80.5,Green
S342,24,MBA,5,5.32,52.0,46.0,6,6.3,2,3,9,2,4.5696110832875405,44.1,51.5,43.6,26.8,32.8,39.9,Red
S343,20,B.Tech,5,9.72,91.3,93.0,2,4.7,7,8,3,8,8.196520817271386,80.1,95.2,69.6,77.0,81.0,81.6,Green
S344,18,B.Sc,1,4.86,90.7,96.4,6,6.6,5,5,4,5,7.0,98.6,66.6,56.8,62.7,60.0,61.7,Blue
S345,19,B.Tech,3,9.23,70.4,82.8,5,6.2,5,6,5,1,7.0,88.7,86.0,58.2,62.7,40.0,62.9,Blue
S346,21,B.Sc,6,6.78,74.8,79.2,7,5.4,2,5,7,7,6.357496050369636,68.6,71.5,37.2,47.7,66.8,57.0,Yellow
S347,18,BCA,1,7.61,85.2,81.0,5,5.3,7,10,1,6,6.74008406367835,83.4,78.9,62.9,93.7,63.7,74.1,Blue
S348,19,BCA,3,4.65,52.3,55.0,6,6.2,3,2,10,2,3.9169885390010166,38.4,49.4,47.2,17.7,29.6,37.6,Red
S349,23,MBA,2,7.2,89.9,93.6,5,7.5,5,7,4,5,6.468984116185434,85.8,79.9,63.1,70.2,57.3,68.1,Blue
S350,21,BCA,7,6.5,78.2,70.0,6,6.3,4,9,2,5,4.790843439939318,72.4,68.6,51.6,83.5,49.0,62.4,Blue
S351,21,B.Sc,7,6.99,81.9,83.6,7,5.9,2,9,1,6,7.192446420909332,69.7,75.0,39.1,85.9,66.0,66.0,Blue
S352,21,BCA,7,4.17,66.9,71.1,8,5.7,2,3,8,3,2.643278989751681,66.4,52.6,35.4,34.3,28.2,38.5,Red
S353,22,MBA,1,4.97,59.4,53.8,9,6.4,3,3,9,2,5.297574322315411,65.7,52.5,39.0,31.1,36.5,40.8,Yellow
S354,20,B.Sc,5,7.03,82.9,81.7,4,5.0,5,4,5,6,7.857572459067518,76.9,75.1,56.8,50.4,69.3,64.1,Blue
S355,23,MBA,2,8.97,82.5,82.9,4,6.8,5,5,3,1,9.0,75.6,86.9,63.5,61.1,50.0,66.7,Blue
S356,19,BCA,3,7.78,85.9,77.2,4,6.1,4,7,3,6,7.100783437784872,83.4,79.3,56.9,72.7,65.5,68.9,Blue
S357,18,BCA,1,7.21,77.2,72.2,4,8.1,4,2,6,5,8.041460568285288,68.1,73.1,64.0,35.6,65.2,61.4,Blue
S358,23,MBA,3,6.68,75.2,66.6,7,6.9,2,5,6,8,5.05699917057864,65.1,68.4,42.9,50.0,65.3,57.6,Yellow
S359,21,BCA,6,9.71,91.1,84.4,3,7.3,8,9,3,8,10.0,88.2,93.4,80.4,83.6,90.0,87.3,Green
S360,20,B.Tech,5,8.67,73.5,77.4,9,4.7,3,2,5,5,8.0,72.6,82.2,32.6,39.5,65.0,57.0,Yellow
S361,26,MBA,8,6.91,71.5,64.4,4,4.9,8,9,1,5,7.798368346219528,71.1,68.6,68.4,86.2,64.0,70.9,Blue
S362,22,B.Tech,8,4.97,69.5,77.4,7,4.8,3,2,6,2,4.600288578123765,67.3,59.2,39.0,35.5,33.0,42.9,Yellow
S363,23,MBA,2,8.66,96.8,92.5,5,6.2,6,9,1,10,9.405483503354311,84.8,89.8,62.2,89.0,97.0,84.5,Green
S364,19,B.Sc,2,9.63,90.2,88.2,4,7.3,8,9,1,10,10.0,95.4,93.5,77.4,91.1,100.0,90.6,Green
S365,20,B.Sc,5,8.93,93.0,96.2,2,5.1,10,9,1,10,9.31079714523663,79.8,91.4,83.1,88.0,96.6,89.9,Green
S366,22,MBA,1,4.23,84.0,86.1,5,7.8,6,7,5,5,8.0,97.6,59.4,68.2,69.5,65.0,65.0,Blue
S367,19,BCA,2,8.24,71.3,75.9,7,6.2,4,8,3,5,9.227607181321025,64.1,78.9,48.2,73.8,71.1,68.3,Blue
S368,20,BCA,5,4.14,72.2,78.2,8,6.3,1,3,8,2,2.957198243273253,59.2,54.9,33.6,32.8,24.8,37.6,Red
S369,20,B.Sc,5,8.77,94.0,100.0,4,5.6,8,10,1,8,8.148627167119667,91.1,91.4,71.0,95.2,80.7,84.4,Green
S370,25,MBA,6,7.86,85.7,92.5,6,4.3,6,7,3,7,6.492093220076084,76.5,82.8,52.1,71.3,67.5,69.0,Blue
S371,19,BCA,3,6.08,67.2,61.1,8,4.7,1,3,9,2,4.548720793836118,62.1,62.1,27.6,30.4,32.7,39.8,Red
S372,18,B.Sc,1,9.89,93.1,93.1,3,6.1,9,7,1,9,10.0,84.0,96.6,79.9,78.8,95.0,88.5,Green
S373,19,B.Sc,2,4.14,63.6,55.0,8,3.9,4,4,6,4,3.047070713331754,68.4,48.6,36.6,45.7,35.2,41.7,Yellow
S374,20,B.Tech,5,5.79,56.9,57.4,8,5.8,3,2,10,2,5.665973254088516,53.4,57.6,39.8,20.7,38.3,40.9,Yellow
S375,20,B.Sc,5,5.28,73.6,64.1,9,6.1,1,6,6,4,5.631043271397684,69.6,59.2,29.9,55.9,48.2,48.5,Yellow
S376,21,B.Tech,7,8.99,88.7,74.3,9,4.5,1,3,6,9,8.0,87.7,86.5,23.9,44.5,85.0,62.1,Blue
S377,20,B.Sc,4,8.01,70.4,75.2,7,5.7,2,10,1,8,7.161947174643894,69.8,77.2,38.4,91.0,75.8,69.9,Blue
S378,19,B.Sc,2,5.17,69.0,69.8,8,6.4,1,4,5,5,3.3407483295422296,67.0,58.8,34.0,48.4,41.7,46.2,Yellow
S379,19,B.Sc,2,5.65,56.7,50.0,9,4.1,2,7,3,2,4.066259902449064,58.9,55.2,26.4,67.8,30.3,44.3,Yellow
S380,20,B.Tech,4,9.58,78.2,70.2,5,7.0,5,6,6,1,6.0,75.5,87.2,61.2,57.1,35.0,61.6,Blue
S381,21,BCA,7,8.93,90.3,91.9,4,6.0,8,7,2,10,7.356557112075356,76.5,90.0,72.5,74.3,86.8,81.7,Green
S382,19,BCA,2,1.77,29.1,34.7,8,6.7,1,5,3,1,1.0,15.7,23.4,35.1,49.1,10.0,28.1,Red
S383,24,MBA,5,8.35,86.5,89.3,6,6.9,2,8,3,5,6.7453621061798215,91.2,85.3,45.9,79.2,58.7,67.6,Blue
S384,22,B.Tech,8,4.6,56.1,49.8,8,3.7,2,2,6,2,3.138678226870735,45.2,48.8,27.9,31.0,25.7,34.2,Red
S385,22,BCA,8,6.27,73.4,63.6,9,6.3,1,6,3,5,4.4153368782096845,83.2,65.0,30.6,67.6,47.1,52.4,Yellow
S386,20,B.Tech,4,5.55,85.4,90.1,7,7.0,6,6,5,7,8.0,90.0,68.4,59.2,63.0,75.0,66.7,Blue
S387,22,B.Tech,8,7.38,84.0,86.2,7,7.3,2,8,4,5,5.445994945575992,77.9,78.3,44.4,73.6,52.2,62.4,Blue
S388,19,B.Tech,2,7.08,80.8,82.5,6,4.2,5,5,6,8,6.831669510139264,70.3,75.1,47.8,51.1,74.2,63.2,Blue
S389,20,BCA,4,7.39,72.8,72.4,7,4.9,4,6,6,6,6.801229829348303,76.4,73.4,43.4,57.3,64.0,60.3,Blue
S390,21,B.Tech,7,0.09,26.7,35.9,8,3.8,1,3,5,3,1.0,17.3,13.1,24.2,33.5,20.0,21.7,Red
S391,19,B.Tech,2,1.73,7.0,1.6,8,6.8,1,2,8,3,1.255014537704742,7.5,12.1,35.5,17.5,21.3,21.3,Red
S392,23,MBA,3,6.73,78.9,75.5,6,6.4,6,9,1,8,5.211444196112,88.4,71.3,60.0,89.7,66.1,70.9,Blue
S393,21,BCA,6,3.32,49.9,49.0,9,6.9,1,5,7,2,1.5253840614377492,41.9,39.7,32.9,42.4,17.6,33.0,Red
S394,22,B.Sc,8,7.24,89.8,83.6,5,4.9,5,5,7,7,6.223647615592688,94.3,78.1,53.4,52.9,66.1,63.9,Blue
S395,18,B.Tech,1,8.86,92.5,83.1,2,7.0,7,8,1,10,8.762105321123064,98.4,88.3,78.2,86.7,93.8,86.8,Green
S396,18,B.Sc,1,9.07,90.2,90.1,5,4.7,3,10,2,10,7.269745412502729,98.3,90.5,44.6,93.7,86.3,78.6,Blue
S397,22,MBA,1,9.4,76.7,72.7,8,4.7,2,1,5,9,5.0,73.5,86.3,31.6,34.7,70.0,58.2,Yellow
S398,23,MBA,3,0.28,36.4,37.7,8,5.0,3,1,8,2,1.0,38.5,16.5,36.8,18.7,15.0,21.6,Red
S399,18,B.Sc,1,5.19,69.6,73.7,8,5.9,1,9,1,2,4.084681976322619,74.2,59.8,32.1,86.8,30.4,50.9,Yellow
S400,26,MBA,8,9.37,98.0,97.6,5,4.1,3,7,4,10,9.172763688677907,100.0,95.3,42.4,73.0,95.9,77.8,Blue
S401,21,BCA,6,4.72,68.0,67.5,8,3.8,2,1,9,4,3.9228930273116434,55.6,55.4,28.2,19.1,39.6,37.4,Red
S402,24,MBA,5,5.95,52.9,52.6,7,3.9,3,2,6,5,4.364219994973231,59.0,56.8,35.6,33.8,46.8,44.4,Yellow
S403,20,BCA,5,7.15,78.1,79.1,4,6.5,7,2,9,7,5.349485302322013,87.7,74.3,70.4,30.5,61.7,61.4,Blue
S404,24,MBA,5,7.46,74.1,67.5,6,6.7,2,8,1,7,7.694146122462935,72.6,73.1,45.1,81.5,73.5,67.9,Blue
S405,18,B.Sc,1,3.3,45.9,44.9,8,4.0,3,2,10,3,1.764636090170674,54.9,38.0,33.0,21.0,23.8,29.8,Red
S406,22,B.Tech,8,9.51,93.7,93.0,3,6.4,5,7,2,10,10.0,97.6,94.4,65.0,78.5,100.0,85.3,Green
S407,22,BCA,8,8.6,87.3,85.9,4,6.8,8,8,6,2,9.0,67.2,86.2,75.5,65.4,55.0,71.6,Blue
S408,20,B.Sc,4,6.55,82.5,86.0,5,7.2,7,5,5,5,6.645471633481924,72.2,73.0,70.0,54.4,58.2,64.8,Blue
S409,22,MBA,1,5.61,55.4,63.6,7,4.2,3,4,4,5,4.813784037975141,60.2,57.5,36.8,50.0,49.1,48.7,Yellow
S410,20,B.Sc,4,1.58,47.2,55.1,9,5.5,1,4,7,3,1.0,57.0,29.9,27.6,40.4,20.0,29.0,Red
S411,21,B.Tech,7,0.96,3.6,7.5,10,6.9,2,1,10,3,1.4872940398838892,0.0,8.0,33.9,5.0,22.4,17.5,Red
S412,20,B.Tech,5,2.1,28.9,23.0,10,3.4,1,2,9,3,1.39796722115002,25.3,23.0,16.8,18.1,22.0,20.2,Red
S413,21,BCA,7,7.16,81.1,76.7,7,5.5,3,9,3,6,6.512114061834737,68.8,74.5,41.6,79.8,62.6,64.4,Blue
S414,25,MBA,6,7.53,74.1,68.7,4,7.6,5,6,5,6,5.800431524758389,72.7,73.7,66.5,59.5,59.0,65.4,Blue
S415,19,B.Tech,3,7.9,76.4,83.6,7,7.0,2,3,8,6,7.8245515823998915,76.4,79.4,43.2,36.3,69.1,59.2,Yellow
S416,20,B.Sc,4,9.47,82.3,72.4,10,4.3,4,4,7,9,6.0,68.4,87.8,32.1,42.7,75.0,61.7,Blue
S417,20,B.Tech,4,8.16,71.5,66.9,6,4.5,2,9,1,5,6.708316426865592,63.6,76.6,36.9,84.7,58.5,63.8,Blue
S418,18,BCA,1,7.32,86.8,94.9,5,6.1,4,8,1,5,7.279282352955752,93.2,80.3,53.9,85.6,61.4,70.0,Blue
S419,25,MBA,6,4.14,61.2,61.8,9,4.7,3,5,6,5,3.536318419034689,52.5,49.4,32.6,47.5,42.7,43.1,Yellow
S420,19,B.Sc,3,7.55,82.2,76.6,6,7.0,4,8,1,8,6.7631917363687775,88.1,77.1,54.2,84.6,73.8,72.0,Blue
S421,18,BCA,1,8.4,74.7,70.8,4,6.8,4,9,1,7,8.575666371228994,80.3,79.5,59.5,88.1,77.9,75.8,Blue
S422,25,MBA,7,9.46,76.0,80.7,6,6.7,7,7,5,1,9.0,86.0,88.1,65.1,67.2,50.0,68.6,Blue
S423,23,MBA,2,4.13,60.0,60.6,6,4.3,4,1,10,4,5.0785863696177,63.3,48.9,44.1,17.7,45.4,40.6,Yellow
S424,25,MBA,6,0.83,14.4,22.5,9,6.2,1,2,9,2,1.0,0.7,12.4,30.2,13.1,15.0,17.6,Red
S425,19,BCA,3,0.89,14.7,23.2,8,3.9,4,1,9,3,1.0,24.0,12.9,36.6,12.8,20.0,20.6,Red
S426,23,MBA,2,5.86,82.6,92.5,7,6.0,7,7,4,5,8.0,91.4,70.2,59.5,71.3,65.0,66.4,Blue
S427,21,BCA,6,3.06,32.4,26.4,10,3.1,1,3,5,1,2.235603153115695,34.4,30.1,15.6,36.9,16.2,24.4,Red
S428,22,BCA,8,7.43,74.6,72.4,5,8.0,6,6,5,6,7.718763646963768,74.6,74.0,69.0,59.9,68.6,68.6,Blue
S429,20,B.Tech,4,9.22,94.1,99.7,3,6.7,5,8,4,9,7.632707649525886,100.0,94.1,66.1,78.0,83.2,81.2,Green
S430,18,BCA,1,6.57,82.9,85.4,6,4.3,3,1,9,5,6.077607530180531,79.7,73.1,40.1,23.9,55.4,50.6,Yellow
S431,24,MBA,4,8.52,80.9,83.7,9,3.3,1,4,5,8,6.0,80.3,84.0,19.4,51.1,70.0,57.8,Yellow
S432,23,MBA,2,8.67,77.5,72.8,9,4.8,4,3,5,6,7.0,73.8,82.1,37.0,44.8,65.0,59.1,Yellow
S433,21,B.Tech,6,8.44,75.7,74.2,10,3.0,2,2,4,8,7.0,61.4,80.6,19.2,40.3,75.0,55.8,Yellow
S434,20,BCA,5,5.48,73.5,75.4,6,6.8,4,6,6,4,5.3272253163062615,68.6,62.7,53.5,55.7,46.6,55.0,Yellow
S435,21,B.Tech,7,7.76,88.3,93.9,4,6.4,6,8,3,8,7.24850210982437,92.7,83.0,66.0,79.5,76.2,76.4,Blue
S436,21,B.Tech,7,9.54,96.3,88.9,5,7.8,6,9,2,9,10.0,100.0,94.3,68.2,89.0,95.0,86.9,Green
S437,20,BCA,5,4.91,57.1,52.8,7,6.7,5,3,8,2,5.015273063990873,58.5,51.4,54.1,32.7,35.1,44.3,Yellow
S438,20,B.Tech,4,8.15,87.0,88.6,6,6.4,3,7,4,6,7.338982043790405,90.9,84.0,48.0,71.2,66.7,68.1,Blue
S439,20,B.Tech,4,0.04,3.9,0.0,8,3.6,3,5,5,2,1.0,0.0,1.0,31.5,40.0,15.0,19.9,Red
S440,19,B.Sc,2,7.95,88.4,88.7,4,6.9,4,5,7,5,7.682250635350535,81.9,83.1,59.9,50.4,63.4,65.8,Blue
S441,21,B.Tech,7,8.87,79.5,86.7,5,7.6,6,5,7,2,8.0,79.5,86.5,67.5,49.9,50.0,65.3,Blue
S442,21,B.Tech,6,8.23,71.1,73.3,10,4.3,1,3,6,6,5.0,77.4,78.3,20.1,42.5,55.0,50.8,Yellow
S443,23,MBA,3,2.33,44.6,52.5,8,6.4,1,4,8,2,1.3605265286727355,54.0,33.4,34.0,36.8,16.8,30.1,Red
S444,19,B.Tech,2,8.77,95.4,87.6,2,5.1,9,8,3,10,8.951002490465635,100.0,89.2,79.1,81.0,94.8,86.4,Green
S445,19,B.Sc,3,7.17,83.5,83.0,5,5.3,5,3,6,6,5.249927858412752,87.0,76.3,54.9,44.4,56.2,59.5,Yellow
S446,22,MBA,1,9.58,99.6,90.9,3,4.9,7,7,2,8,10.0,97.2,95.6,67.4,78.4,90.0,83.7,Green
S447,19,B.Sc,2,8.33,73.2,64.4,5,4.5,5,10,2,5,7.06209848595924,81.1,77.5,51.9,90.2,60.3,69.3,Blue
S448,20,B.Tech,4,4.82,58.0,53.9,8,7.1,3,5,3,3,3.448894829475336,65.4,51.3,44.6,59.1,32.2,46.4,Yellow
S449,20,B.Tech,5,9.74,94.8,91.3,4,7.8,7,9,2,10,7.939728465563465,83.7,95.7,75.2,85.7,89.7,87.1,Green
S450,19,B.Tech,3,9.74,95.8,93.0,3,7.6,7,7,1,8,10.0,94.4,96.2,77.5,80.9,90.0,86.9,Green
S451,22,B.Tech,8,2.51,43.7,50.0,8,6.6,3,2,9,3,2.6060567816525606,31.9,33.8,42.8,19.4,28.0,31.7,Red
S452,20,BCA,5,6.91,81.5,85.5,7,7.2,4,10,1,6,5.437724916770569,83.5,74.9,52.0,93.7,57.2,68.5,Blue
S453,19,B.Tech,2,7.18,81.3,73.6,10,4.4,3,3,5,8,7.0,76.3,74.1,28.5,45.3,75.0,57.2,Yellow
S454,19,B.Sc,2,8.92,92.8,87.0,5,5.4,4,7,1,8,6.997244152754798,81.5,89.5,51.2,78.3,75.0,74.1,Blue
S455,19,B.Tech,2,8.66,71.0,76.1,5,6.7,6,7,3,1,6.0,84.5,81.4,64.1,72.9,35.0,63.8,Blue
S456,24,MBA,5,4.45,63.1,65.2,7,4.5,2,2,7,5,4.641530145936602,51.6,52.4,33.9,29.3,48.2,42.1,Yellow
S457,19,BCA,3,4.36,56.5,62.3,9,7.0,2,4,8,4,3.741602002085382,59.6,49.9,37.2,37.9,38.7,41.5,Yellow
S458,21,BCA,7,9.54,91.0,89.1,2,4.9,10,10,1,10,8.19172881044843,100.0,93.3,82.4,97.0,91.0,90.7,Green
S459,21,B.Tech,7,8.76,92.5,98.5,4,7.2,8,10,2,10,9.598150338592978,84.5,90.8,77.0,90.9,98.0,89.2,Green
S460,21,B.Tech,7,8.05,82.9,75.4,7,5.0,4,9,1,7,7.308025633611375,75.3,80.0,43.8,87.1,71.5,70.2,Blue
S461,19,B.Tech,3,9.06,89.2,88.5,4,6.2,7,7,7,2,6.0,75.1,89.9,69.2,59.0,40.0,66.1,Blue
S462,21,B.Tech,7,2.72,37.4,44.3,10,5.4,1,1,9,3,3.204713176243184,23.4,32.7,24.2,12.7,31.0,26.2,Red
S463,22,B.Tech,8,8.37,77.1,86.4,4,6.8,4,9,1,5,7.533982353305397,84.3,82.9,59.5,88.9,62.7,73.2,Blue
S464,20,BCA,5,1.83,27.5,32.2,8,3.4,1,5,4,2,2.318996239078737,19.0,22.9,22.8,46.8,21.6,27.3,Red
S465,25,MBA,7,8.2,77.4,74.0,7,5.7,5,7,5,6,7.395158005083964,65.0,79.5,50.4,63.0,67.0,65.8,Blue
S466,21,B.Sc,7,1.01,17.4,26.7,9,5.7,1,5,3,2,1.0,17.4,14.9,28.4,49.5,15.0,25.2,Red
S467,20,B.Sc,5,7.54,89.3,84.2,7,7.2,1,2,8,7,7.608693170088687,92.3,79.9,40.0,34.5,73.0,59.1,Yellow
S468,20,B.Tech,5,4.43,71.0,62.3,7,5.0,3,2,9,5,3.337121506334386,70.5,53.2,39.8,27.1,41.7,41.8,Yellow
S469,19,B.Tech,2,8.93,90.7,80.8,4,7.2,6,7,1,8,9.148188802032086,78.5,87.9,69.0,77.7,85.7,80.6,Green
S470,18,BCA,1,9.94,97.7,100.0,3,7.7,6,10,2,10,10.0,100.0,99.2,73.9,94.0,100.0,92.0,Green
S471,20,BCA,5,9.38,92.8,88.5,4,6.9,8,7,3,8,9.227481364670007,85.3,92.5,75.9,73.1,86.1,82.9,Green
S472,20,BCA,4,7.65,74.0,65.9,6,5.8,5,2,9,6,7.533010161480628,70.0,73.9,53.8,27.0,67.7,57.9,Yellow
S473,19,BCA,2,2.19,25.5,17.9,9,7.1,1,5,7,1,1.0,28.2,21.8,33.6,39.6,10.0,25.4,Red
S474,20,B.Tech,4,9.9,96.9,100.0,2,8.1,7,7,3,10,9.80086234451954,87.5,98.8,82.0,73.5,99.0,89.6,Green
S475,18,B.Sc,1,7.47,82.5,80.9,4,4.3,7,3,9,7,6.0102193965410855,91.3,77.5,62.1,36.3,65.1,62.3,Blue
S476,19,B.Sc,3,6.32,66.3,71.3,9,3.9,1,1,10,4,5.094225607854789,67.1,65.4,21.6,18.4,45.5,40.1,Yellow
S477,21,BCA,7,9.63,96.4,88.1,4,6.2,6,9,1,10,10.0,84.6,94.7,65.2,88.9,100.0,87.5,Green
S478,18,B.Tech,1,9.27,91.2,100.0,4,6.3,8,10,1,9,9.75299862633492,95.1,93.9,73.6,96.0,93.8,89.2,Green
S479,20,B.Tech,5,5.5,55.5,50.3,8,3.7,1,8,1,2,5.546487331283429,43.4,54.2,23.9,75.7,37.7,46.8,Yellow
S480,22,BCA,8,1.79,17.5,26.8,8,4.9,3,5,3,1,1.0,15.2,19.6,36.4,49.0,10.0,27.3,Red
S481,25,MBA,7,7.52,88.8,91.9,4,6.7,8,6,5,7,6.355978681981274,75.2,81.3,75.1,60.0,66.8,71.9,Blue
S482,23,MBA,2,8.13,86.7,78.9,5,7.5,7,8,3,8,6.447831638565285,83.7,81.9,71.1,77.7,72.2,75.9,Blue
S483,20,BCA,5,3.67,10.8,15.2,10,5.5,1,2,9,2,1.7951429191769637,16.7,27.2,24.6,16.3,19.0,22.3,Red
S484,22,B.Tech,8,9.06,96.8,100.0,4,4.5,5,10,1,9,8.30592649034136,86.4,93.7,54.9,94.3,86.5,82.3,Green
S485,26,MBA,8,9.8,91.9,97.1,4,7.1,7,7,3,10,10.0,92.7,96.6,72.6,74.5,100.0,87.0,Green
S486,21,BCA,7,5.01,73.8,83.0,6,6.6,3,10,2,4,3.810923145116109,82.1,61.4,48.8,90.4,39.1,58.5,Yellow
S487,23,MBA,3,5.99,53.9,56.9,6,4.3,2,6,5,5,6.51401620630202,51.4,58.1,36.1,55.3,57.6,51.9,Yellow
S488,18,B.Tech,1,7.2,83.8,87.8,5,5.9,6,3,7,6,6.099065957877308,88.8,77.5,61.1,41.8,60.5,62.0,Blue
S489,22,BCA,8,6.92,85.8,83.2,6,4.4,5,6,2,6,6.893457744479173,85.3,75.3,48.5,71.1,64.5,65.1,Blue
S490,21,B.Tech,6,9.35,97.9,100.0,3,5.0,6,10,1,9,7.656529066318578,89.9,95.7,63.8,95.0,83.3,84.5,Green
S491,19,B.Tech,3,7.59,74.4,75.4,5,6.5,6,8,2,7,6.311296310880183,80.1,75.5,63.4,80.0,66.6,71.2,Blue
S492,23,MBA,3,7.14,72.6,78.4,5,6.6,3,1,9,6,7.819779904654044,59.9,73.0,51.8,20.0,69.1,56.1,Yellow
S493,25,MBA,7,8.67,96.9,98.2,5,6.3,7,7,3,9,7.050624093302929,100.0,91.0,66.6,76.0,80.3,79.2,Blue
S494,26,MBA,8,8.79,97.3,92.0,2,7.9,9,9,2,9,7.187210020128772,100.0,90.6,89.6,89.0,80.9,87.6,Green
S495,25,MBA,6,8.07,74.0,76.9,6,4.8,4,9,1,5,8.92265506831541,71.2,78.6,46.0,86.2,69.6,69.7,Blue
S496,20,BCA,5,1.28,12.3,19.0,8,5.4,2,5,3,3,1.0,22.0,13.9,34.2,50.4,20.0,27.8,Red
S497,21,B.Sc,7,8.59,94.7,95.2,3,5.9,8,8,4,9,9.218062215489716,82.1,89.5,75.1,74.4,91.1,83.3,Green
S498,22,B.Sc,8,5.14,83.7,94.0,7,6.2,8,6,7,8,8.0,92.1,66.4,64.2,57.4,80.0,67.4,Blue
S499,22,BCA,8,7.31,86.0,90.0,5,7.2,5,1,8,6,6.876050031738132,79.3,79.1,62.0,26.9,64.4,60.7,Blue
S500,20,B.Sc,4,8.86,95.6,89.5,5,7.5,5,10,1,8,9.801539502758446,100.0,90.2,63.1,97.0,89.0,84.5,Green
S501,25,MBA,7,7.97,72.4,70.4,7,5.2,1,8,4,7,8.61747689541304,68.1,76.4,32.5,71.6,78.1,64.9,Blue
S502,19,BCA,2,5.87,67.6,75.5,9,6.5,1,1,10,3,6.383319253129905,57.4,63.8,31.4,16.5,46.9,42.0,Yellow
S503,22,BCA,8,7.83,80.7,71.7,5,7.2,5,2,6,7,7.866601374086622,90.0,77.5,62.0,40.0,74.3,65.3,Blue
S504,18,BCA,1,9.37,99.9,100.0,2,6.4,6,8,3,9,8.987686200574657,95.7,96.2,72.0,80.1,89.9,85.4,Green
S505,20,BCA,5,2.28,23.7,19.7,10,6.2,1,4,4,3,2.4823549804560274,28.7,22.4,27.2,43.7,27.4,29.1,Red
S506,23,MBA,2,8.05,78.3,74.3,9,4.9,3,3,6,6,8.0,68.9,78.8,33.4,40.8,70.0,57.6,Yellow
S507,19,B.Tech,3,4.82,58.8,66.5,9,6.5,1,2,6,5,3.4521943419695496,49.6,54.0,31.4,31.9,42.3,41.0,Yellow
S508,25,MBA,7,9.03,84.7,87.3,10,4.3,3,4,7,6,8.0,87.8,88.6,28.1,46.6,70.0,60.4,Blue
S509,23,MBA,2,8.91,96.2,89.0,5,6.3,5,8,4,8,7.020210561911807,87.1,90.5,58.6,75.4,75.1,75.7,Blue
S510,20,BCA,5,9.28,96.9,99.5,5,4.5,3,9,1,10,8.449743505821399,93.3,95.0,43.9,90.7,92.2,80.7,Green
S511,19,B.Tech,2,8.77,99.0,98.3,4,7.4,4,8,3,9,7.710184868127941,100.0,92.1,61.8,81.0,83.6,80.2,Green
S512,19,BCA,3,7.8,73.9,67.1,5,5.8,6,5,6,8,6.633665737424906,61.4,75.0,60.8,49.3,73.2,65.9,Blue
S513,22,B.Tech,8,3.91,41.7,34.5,10,5.0,1,2,6,1,3.856929984982871,37.8,38.7,22.8,29.6,24.3,29.3,Red
S514,19,B.Sc,3,9.57,93.5,100.0,3,6.8,8,8,3,8,9.276908735917688,100.0,96.1,78.5,81.0,86.4,86.3,Green
S515,19,BCA,3,8.52,95.9,86.0,2,6.6,10,7,4,10,7.0282082098336245,100.0,87.5,88.8,73.0,85.1,84.3,Green
S516,19,B.Sc,3,7.32,70.7,83.4,10,4.9,4,2,5,7,7.0,60.2,74.7,34.4,37.0,70.0,55.9,Yellow
S517,23,MBA,3,7.37,76.2,66.7,4,6.6,6,9,3,7,7.918235304271631,62.7,72.8,66.8,78.5,74.6,72.9,Blue
S518,21,BCA,6,1.71,27.2,18.5,10,4.1,1,2,8,3,1.0,13.7,19.4,19.4,18.7,20.0,19.4,Red
S519,20,BCA,5,9.21,97.3,99.9,5,4.8,4,10,1,10,8.017949397057738,85.0,94.7,49.0,94.0,90.1,82.0,Green
S520,19,BCA,2,9.91,97.4,90.5,4,5.4,4,10,1,10,10.0,100.0,97.0,54.2,97.0,100.0,87.0,Green
S521,18,BCA,1,7.08,74.4,68.2,4,6.9,8,4,5,8,6.102798749038279,77.7,71.0,75.9,50.5,70.5,68.0,Blue
S522,19,B.Sc,3,6.87,83.4,73.9,6,7.7,2,9,1,7,5.992055411468515,91.1,72.7,48.9,90.2,65.0,68.3,Blue
S523,20,BCA,5,4.16,90.1,84.5,4,7.5,8,5,3,5,6.0,80.6,59.9,78.1,62.1,55.0,63.7,Blue
S524,19,B.Sc,3,5.73,67.1,67.0,9,5.9,1,2,10,3,5.631970652675506,60.9,61.2,29.1,22.2,43.2,40.9,Yellow
S525,22,B.Tech,8,4.92,62.8,60.3,8,6.3,1,4,5,2,5.543722911225457,63.9,54.1,33.6,47.8,37.7,43.6,Yellow
S526,26,MBA,8,2.14,13.6,8.1,8,6.6,1,2,10,3,1.0,17.9,17.2,34.8,13.6,20.0,21.6,Red
S527,20,BCA,5,7.27,86.0,93.3,4,7.2,7,5,6,6,6.529054656160217,75.3,79.5,73.0,52.1,62.6,68.2,Blue
S528,18,BCA,1,7.4,80.7,86.8,7,6.4,1,2,6,8,6.146765600477018,80.7,77.9,37.0,38.1,70.7,57.9,Yellow
S529,22,B.Sc,8,7.28,73.9,81.6,6,5.7,3,9,1,5,5.363752928837196,71.9,74.8,45.4,86.4,51.8,64.0,Blue
S530,19,B.Sc,2,9.0,95.1,92.0,3,8.1,6,9,1,9,9.60671017560607,98.2,91.4,75.0,91.6,93.0,87.7,Green
S531,19,B.Tech,2,4.11,70.7,65.4,8,5.5,4,1,10,2,4.2712589852791725,78.6,51.9,42.6,20.7,31.4,38.2,Red
S532,25,MBA,7,8.4,73.8,73.9,5,7.5,6,10,1,5,8.987851144796124,65.6,79.9,67.1,90.1,69.9,76.2,Blue
S533,18,B.Tech,1,8.4,79.5,87.0,5,4.2,5,7,2,8,8.229284903009722,80.5,83.7,50.8,75.1,81.1,73.1,Blue
S534,24,MBA,5,8.6,95.2,90.0,3,5.0,9,9,1,9,6.857662263886281,95.6,88.6,75.8,91.1,79.3,83.6,Green
S535,20,BCA,5,7.58,71.6,66.3,5,6.3,6,4,7,8,5.991115653501768,73.0,73.1,62.6,43.6,70.0,63.8,Blue
S536,26,MBA,8,7.16,81.2,89.3,6,5.8,2,4,8,5,5.174872678144436,89.8,77.1,41.8,44.0,50.9,55.1,Yellow
S537,23,MBA,3,7.51,84.7,81.7,8,3.6,2,3,5,8,8.0,71.1,78.3,27.5,44.2,80.0,59.2,Yellow
S538,18,B.Sc,1,7.57,83.5,76.2,6,7.0,4,6,4,6,5.9244289248748,84.3,77.4,54.2,64.9,59.6,64.6,Blue
S539,18,B.Sc,1,4.88,52.1,51.2,8,6.9,4,1,10,3,3.2123598391387675,46.7,49.9,47.9,14.3,31.1,37.6,Red
S540,25,MBA,6,9.9,91.0,90.5,4,6.3,5,8,4,10,8.725498986067278,99.0,95.7,61.6,77.8,93.6,83.1,Green
S541,25,MBA,7,8.11,77.0,80.6,5,5.2,5,7,5,7,6.533071886731575,86.7,80.2,54.5,67.3,67.7,68.1,Blue
S542,20,B.Sc,5,8.45,74.8,78.7,7,5.3,4,9,1,8,7.127845688448938,79.2,81.4,44.9,87.8,75.6,72.1,Blue
S543,20,BCA,5,6.53,78.1,84.1,7,7.1,1,8,2,5,5.790187185494797,86.5,71.6,39.6,81.3,54.0,61.1,Blue
S544,20,B.Tech,4,0.88,37.8,36.6,8,5.0,1,5,5,3,1.0,46.7,20.2,28.8,49.3,20.0,28.1,Red
S545,19,B.Sc,2,7.83,70.3,78.2,5,7.0,3,10,1,5,7.929256844488306,61.7,76.7,53.2,89.3,64.6,70.3,Blue
S546,25,MBA,7,3.35,49.9,51.4,8,3.6,2,2,9,2,1.448290842123922,55.8,40.4,27.5,24.2,17.2,28.1,Red
S547,19,B.Sc,2,9.23,92.1,92.1,5,5.1,6,8,3,10,8.218784225204331,83.9,92.2,58.1,77.8,91.1,80.5,Green
S548,20,B.Tech,4,6.92,73.6,77.4,7,6.6,1,2,9,5,6.388642588167098,64.6,71.7,37.8,25.9,56.9,50.4,Yellow
S549,22,MBA,1,6.69,88.0,96.5,7,6.8,3,6,3,6,6.610318501348186,95.9,77.0,46.5,70.2,63.1,64.5,Blue
S550,18,B.Sc,1,8.35,89.3,83.3,6,4.4,3,7,5,5,8.47218189273168,77.0,84.6,40.5,65.4,67.4,65.4,Blue
S551,20,BCA,4,8.78,90.3,88.8,2,7.0,10,8,4,8,7.345750572427448,80.8,88.5,90.2,74.2,76.7,83.1,Green
S552,18,B.Sc,1,5.05,57.8,67.1,7,5.8,3,2,8,2,3.713677081880189,54.1,55.3,42.8,26.8,28.6,39.8,Red
S553,22,BCA,8,6.1,53.8,57.3,8,4.4,1,7,1,2,5.401196001352182,50.8,58.8,26.5,72.2,37.0,48.0,Yellow
S554,22,MBA,1,6.0,56.7,63.8,8,6.0,2,5,6,3,5.918738016358882,58.0,60.1,36.5,48.6,44.6,48.0,Yellow
S555,21,B.Sc,6,9.7,78.5,77.6,5,7.5,7,5,4,1,7.0,69.7,89.4,71.1,56.9,40.0,66.0,Blue
S556,21,BCA,6,6.85,77.4,82.2,7,7.4,2,1,10,6,7.387838004141431,80.9,73.0,44.8,21.2,66.9,54.1,Yellow
S557,20,BCA,4,6.88,80.7,82.2,5,7.8,5,6,2,5,7.302022249665204,75.0,73.9,64.2,69.0,61.5,67.4,Blue
S558,20,B.Tech,4,7.94,82.3,90.4,6,5.6,5,4,7,6,6.032157071483995,85.8,82.2,53.0,46.2,60.2,62.2,Blue
S559,20,BCA,4,4.33,61.2,52.4,9,6.2,1,3,9,3,4.860814247021553,48.9,48.7,30.2,27.8,39.3,37.5,Red
S560,23,MBA,2,1.57,24.1,25.3,8,3.7,2,5,5,3,1.0,28.6,19.3,27.9,45.7,20.0,26.9,Red
S561,18,B.Tech,1,5.06,55.1,54.5,6,4.9,4,3,9,3,3.948392230638177,61.8,52.3,46.4,30.4,34.7,42.0,Yellow
S562,19,B.Sc,2,8.46,72.2,80.1,7,6.7,2,9,3,6,7.379439806121248,80.6,81.2,42.1,82.1,66.9,68.0,Blue
S563,25,MBA,7,6.64,84.1,92.2,7,3.9,3,8,4,8,5.844751844603968,89.4,75.1,35.6,75.9,69.2,63.9,Blue
S564,21,B.Tech,6,7.07,76.7,81.6,7,3.9,2,10,1,6,6.595847007985819,85.6,74.1,31.6,94.1,63.0,64.7,Blue
S565,22,B.Sc,8,9.11,98.7,92.9,3,8.4,6,9,1,8,8.641870056144917,93.3,93.0,75.0,90.7,83.2,85.6,Green
S566,22,BCA,8,6.83,81.7,88.7,6,5.6,4,3,5,7,6.334434249656097,75.0,75.1,49.0,45.0,66.7,60.5,Blue
S567,22,B.Tech,8,7.64,77.8,87.6,4,7.6,4,8,3,8,8.116282547855143,81.2,78.9,62.5,77.2,80.6,74.9,Blue
S568,21,BCA,7,4.25,71.6,77.9,8,6.7,4,1,8,2,3.524138428576518,70.0,55.4,47.1,25.0,27.6,40.3,Yellow
S569,18,B.Tech,1,1.95,9.8,18.8,9,4.1,1,3,9,2,2.9350780248051747,7.8,17.4,22.4,19.6,24.7,20.9,Red
S570,21,B.Tech,7,8.92,97.9,100.0,5,4.1,3,10,1,9,8.602113019896587,100.0,93.1,42.4,97.0,88.0,79.9,Blue
S571,18,B.Tech,1,9.26,97.6,96.4,5,6.0,3,10,2,9,7.481512344800424,88.2,94.4,49.5,91.6,82.4,79.6,Blue
S572,20,B.Sc,4,9.06,98.4,100.0,5,4.8,5,9,2,9,8.708241684307481,100.0,94.0,53.0,89.0,88.5,81.4,Green
S573,20,B.Tech,5,4.03,96.2,82.2,4,7.0,8,5,4,7,6.0,84.8,59.9,76.2,60.0,65.0,65.3,Blue
S574,20,BCA,5,9.41,99.3,100.0,2,7.5,8,7,2,9,8.75693488595257,96.2,96.3,84.1,78.2,88.8,87.8,Green
S575,21,B.Tech,6,8.84,99.0,100.0,4,7.1,5,8,3,10,9.58142763793606,99.2,92.8,64.6,80.8,97.9,84.6,Green
S576,19,B.Sc,3,0.19,8.1,12.8,10,4.9,1,5,3,2,1.0,9.3,5.3,22.4,47.9,15.0,20.5,Red
S577,26,MBA,8,4.42,57.7,51.7,7,4.6,4,5,6,2,2.9997297644506986,55.2,48.4,42.2,48.0,25.0,40.9,Yellow
S578,20,B.Tech,4,7.57,72.0,72.6,5,6.5,3,7,2,5,7.8654068041678915,57.3,74.3,51.4,70.5,64.3,65.3,Blue
S579,20,BCA,4,7.95,85.9,79.6,4,6.5,4,10,2,6,8.914040317930347,84.7,80.8,58.4,90.9,74.6,75.7,Blue
S580,20,B.Sc,5,8.49,71.1,71.4,6,6.0,2,8,3,8,6.893237243929107,74.7,79.4,42.5,75.9,74.5,68.2,Blue
S581,19,B.Tech,3,1.78,42.0,34.5,10,3.5,1,2,8,2,1.0,40.8,26.0,17.1,24.2,15.0,20.7,Red
S582,20,BCA,5,3.1,48.8,45.8,10,4.8,1,2,10,3,2.2029657994508867,47.4,37.5,22.0,19.5,26.0,27.2,Red
S583,19,B.Sc,2,7.55,77.1,68.5,7,5.2,4,7,3,8,7.206880545489517,74.2,74.4,44.5,70.8,76.0,66.6,Blue
S584,19,B.Sc,3,8.57,91.6,97.2,4,6.0,4,10,1,8,7.0120876992752414,81.4,89.2,56.5,93.3,75.1,78.3,Blue
S585,19,B.Sc,2,9.2,97.1,100.0,4,6.5,5,9,3,9,9.801276760507372,98.5,94.6,62.4,85.7,94.0,84.6,Green
S586,19,BCA,2,1.49,25.9,32.3,10,5.1,1,5,5,3,1.0581771963483475,21.0,20.6,23.1,44.2,20.3,25.9,Red
S587,21,BCA,6,2.77,23.3,13.5,9,6.1,2,1,9,2,3.258470556379349,25.3,24.0,33.9,13.1,26.3,24.9,Red
S588,20,BCA,4,8.51,98.8,100.0,3,6.5,9,8,4,8,6.923183532546351,100.0,90.8,81.4,78.0,74.6,81.8,Green
S589,22,B.Sc,8,6.6,81.4,75.5,7,6.9,5,9,1,5,6.71429231399758,78.2,71.0,54.9,87.6,58.6,67.2,Blue
S590,19,BCA,3,7.82,77.3,67.4,4,5.0,7,5,3,7,6.825612379869287,83.0,75.9,64.8,62.6,69.1,68.8,Blue
S591,19,B.Tech,2,6.91,88.0,82.5,7,6.0,3,7,4,6,5.237412235385297,81.2,75.6,43.5,69.2,56.2,61.4,Blue
S592,21,BCA,6,9.81,90.4,93.2,2,5.2,7,7,4,8,8.954112451410248,89.2,95.6,71.5,70.8,84.8,81.9,Green
S593,19,B.Sc,3,5.94,64.9,57.4,7,7.1,5,8,3,3,5.813882634273488,53.6,60.1,55.6,71.7,44.1,57.3,Yellow
S594,21,B.Tech,7,2.57,28.8,21.4,9,6.7,3,2,7,1,1.0,17.1,25.5,40.1,22.4,10.0,24.7,Red
S595,18,BCA,1,8.3,70.8,64.8,6,6.5,5,8,1,5,9.07396383587619,62.4,76.9,56.4,79.5,70.4,70.7,Blue
S596,23,MBA,3,5.55,63.2,65.5,7,5.5,5,7,5,3,3.7674531480374425,69.9,59.0,49.6,64.0,33.8,51.4,Yellow
S597,20,B.Tech,5,8.23,86.5,77.7,7,5.1,3,7,1,5,9.19198939333166,80.9,82.2,40.1,78.2,71.0,68.1,Blue
S598,21,B.Sc,6,9.89,84.2,90.0,4,6.7,8,8,4,1,6.0,72.4,94.2,75.1,72.5,35.0,70.3,Blue
S599,19,B.Tech,2,6.2,54.7,57.6,8,5.9,2,9,1,4,5.819738033947248,40.8,59.7,36.1,80.2,49.1,55.3,Yellow
S600,18,BCA,1,8.15,72.1,76.5,6,6.4,3,9,1,5,6.553899130865538,77.5,78.6,48.0,87.5,57.8,67.5,Blue
S601,19,B.Tech,2,7.87,86.6,93.1,6,6.9,4,7,4,7,8.344590027750623,92.0,83.2,53.9,71.4,76.7,71.9,Blue
S602,20,B.Sc,5,5.65,85.9,93.8,5,6.2,6,7,3,8,6.0,92.3,69.8,62.2,74.5,70.0,68.9,Blue
S603,22,B.Tech,8,8.68,79.6,89.7,10,4.7,4,4,6,5,7.0,71.8,85.9,33.6,46.4,60.0,58.4,Yellow
S604,20,B.Sc,5,8.71,93.1,98.9,5,7.0,6,8,1,9,8.315788517514735,87.7,90.7,65.2,84.5,86.6,82.1,Green
S605,24,MBA,4,9.5,97.5,95.8,4,6.1,6,7,5,8,9.078456575298317,100.0,95.7,64.9,70.0,85.4,80.3,Green
S606,19,B.Tech,2,8.43,72.6,80.6,7,4.6,5,10,1,7,7.819386060681145,69.7,81.2,46.2,90.9,74.1,72.6,Blue
S607,20,BCA,5,9.58,90.3,93.0,2,5.6,10,10,1,10,9.773026016754534,99.1,94.1,85.0,96.8,98.9,93.6,Green
S608,21,BCA,6,6.31,60.1,65.7,7,4.2,4,1,9,5,5.506082092629258,61.2,63.0,40.8,20.2,52.5,46.3,Yellow
S609,18,BCA,1,9.8,90.0,93.8,3,5.7,7,10,1,10,10.0,91.0,95.6,70.4,95.2,100.0,90.3,Green
S610,22,BCA,8,9.24,92.0,91.8,5,4.1,7,8,1,9,8.794449018126892,77.0,92.2,58.4,82.4,89.0,81.0,Green
S611,19,BCA,3,5.77,86.5,90.0,5,7.2,6,6,4,7,6.0,89.0,69.9,66.0,65.8,65.0,66.9,Blue
S612,19,BCA,3,6.73,89.5,94.4,6,7.5,2,6,4,7,7.53841134015533,88.8,77.2,48.1,65.8,72.7,66.5,Blue
S613,25,MBA,7,8.39,77.6,73.2,6,4.3,5,9,1,8,8.597507540577967,64.1,80.5,48.1,84.8,83.0,73.9,Blue
S614,22,MBA,1,1.4,27.7,34.3,9,5.7,2,5,5,2,1.4662976677395363,37.7,20.8,32.4,47.5,17.3,28.2,Red
S615,23,MBA,2,9.01,91.8,86.1,4,6.0,6,9,1,10,9.273389346546155,93.0,89.6,64.5,90.6,96.4,85.2,Green
